train_size	epoch	loss	tr_accuracy	tr_probability	v_accuracy	v_probability
25	0	2.2032179832458496	0.11999999731779099	0.11324682086706161	0.29999998211860657	0.11973129212856293
25	10	1.8062314987182617	0.3999999761581421	0.19439399242401123	0.2800000011920929	0.18127264082431793
25	20	1.6597833633422852	0.23999999463558197	0.21948306262493134	0.14999999105930328	0.19760331511497498
25	30	1.591926097869873	0.5199999809265137	0.23082773387432098	0.35999998450279236	0.22556747496128082
25	40	1.4620918035507202	0.5199999809265137	0.3477875888347626	0.38999998569488525	0.2789885699748993
25	50	1.3362993001937866	0.6399999856948853	0.44565802812576294	0.38999998569488525	0.3233056664466858
25	60	1.2266420125961304	0.7199999690055847	0.5316361784934998	0.3700000047683716	0.34480324387550354
25	70	1.1051809787750244	0.7999999523162842	0.5697422027587891	0.429999977350235	0.36916854977607727
25	80	1.0877491235733032	0.6399999856948853	0.5661179423332214	0.41999998688697815	0.3738696277141571
25	90	0.996742844581604	0.7199999690055847	0.6136964559555054	0.41999998688697815	0.3953332304954529
25	100	0.8614923357963562	0.8799999952316284	0.7194152474403381	0.4699999988079071	0.4077121615409851
25	110	1.0674561262130737	0.5999999642372131	0.5889958143234253	0.38999998569488525	0.3838120102882385
25	120	0.9342752695083618	0.5999999642372131	0.6211374402046204	0.41999998688697815	0.39842694997787476
25	130	0.857246994972229	0.7199999690055847	0.6819347739219666	0.44999998807907104	0.4372768700122833
25	140	0.7606783509254456	0.8799999952316284	0.7622153162956238	0.47999998927116394	0.4537091851234436
25	150	0.7749304175376892	0.8399999737739563	0.7760753631591797	0.4599999785423279	0.439065545797348
25	160	0.7615756988525391	0.8399999737739563	0.7460434436798096	0.47999998927116394	0.4547213613986969
25	170	0.6829814314842224	0.8799999952316284	0.8089969158172607	0.4599999785423279	0.44800204038619995
25	180	0.6434988975524902	0.9199999570846558	0.8522555232048035	0.47999998927116394	0.4522653818130493
25	190	0.9194087982177734	0.7999999523162842	0.7431266903877258	0.5	0.4777992069721222
25	200	0.6818245053291321	0.8799999952316284	0.8236956596374512	0.4899999797344208	0.4778820276260376
25	210	0.6026908755302429	0.9199999570846558	0.8687728643417358	0.4599999785423279	0.43950653076171875
25	220	0.5663434863090515	0.9599999785423279	0.8840482831001282	0.44999998807907104	0.43766623735427856
25	230	0.5257335901260376	0.9599999785423279	0.9150421619415283	0.4599999785423279	0.4417669475078583
25	240	0.4917089343070984	1.0	0.9516289234161377	0.44999998807907104	0.4434438943862915
25	250	0.4716280996799469	1.0	0.9647999405860901	0.44999998807907104	0.4491637051105499
25	260	0.455313116312027	1.0	0.9709998369216919	0.44999998807907104	0.4484274685382843
25	270	0.44079360365867615	1.0	0.9782946705818176	0.4599999785423279	0.4519239664077759
25	280	0.42828166484832764	1.0	0.9828800559043884	0.4699999988079071	0.4571591019630432
25	290	0.418242484331131	1.0	0.9853678941726685	0.4599999785423279	0.44907069206237793
25	300	0.4096376895904541	1.0	0.986822783946991	0.44999998807907104	0.44802945852279663
25	310	0.4017426371574402	1.0	0.988067090511322	0.4599999785423279	0.44982028007507324
25	320	0.3949490785598755	1.0	0.9891436696052551	0.47999998927116394	0.46536025404930115
25	330	0.38854363560676575	1.0	0.9899630546569824	0.4599999785423279	0.454252690076828
25	340	0.38217517733573914	1.0	0.9906946420669556	0.4699999988079071	0.4545913636684418
25	350	0.37593695521354675	1.0	0.9913820624351501	0.4599999785423279	0.45485299825668335
25	360	0.3700919449329376	1.0	0.9920824766159058	0.44999998807907104	0.4537734389305115
25	370	0.36462563276290894	1.0	0.9927981495857239	0.44999998807907104	0.45193782448768616
25	380	0.3594708740711212	1.0	0.9934304356575012	0.44999998807907104	0.44987761974334717
25	390	0.35447970032691956	1.0	0.9940434098243713	0.44999998807907104	0.45133689045906067
25	400	0.34932541847229004	1.0	0.9945093989372253	0.4599999785423279	0.4549866318702698
25	410	0.34513190388679504	1.0	0.9949911236763	0.4599999785423279	0.45718181133270264
25	420	0.34134262800216675	1.0	0.9953172206878662	0.4599999785423279	0.4586549997329712
25	430	0.33782875537872314	1.0	0.9955965876579285	0.4599999785423279	0.45875638723373413
25	440	0.3345164954662323	1.0	0.9959179759025574	0.4599999785423279	0.458805114030838
25	450	0.3313174545764923	1.0	0.9963237047195435	0.4599999785423279	0.45901721715927124
25	460	0.3282005786895752	1.0	0.9966018199920654	0.44999998807907104	0.45636627078056335
25	470	0.32516083121299744	1.0	0.9968147277832031	0.44999998807907104	0.45635154843330383
25	480	0.3221597969532013	1.0	0.9970641136169434	0.4599999785423279	0.4576228857040405
25	490	0.31922009587287903	1.0	0.9973403811454773	0.4699999988079071	0.4629124402999878
25	500	0.3164116442203522	1.0	0.997502863407135	0.4699999988079071	0.46523481607437134
25	510	0.31373465061187744	1.0	0.9976614117622375	0.47999998927116394	0.46968916058540344
25	520	0.3111869692802429	1.0	0.9977864027023315	0.4699999988079071	0.4693967401981354
25	530	0.30873388051986694	1.0	0.9979106187820435	0.4699999988079071	0.47074347734451294
25	540	0.3063769042491913	1.0	0.9980257749557495	0.4599999785423279	0.4725896418094635
25	550	0.30410733819007874	1.0	0.9981256127357483	0.4599999785423279	0.45647406578063965
25	560	0.30189916491508484	1.0	0.9982055425643921	0.4599999785423279	0.45398470759391785
25	570	0.2997387647628784	1.0	0.9982848763465881	0.4599999785423279	0.45497313141822815
25	580	0.2976304888725281	1.0	0.9983706474304199	0.4699999988079071	0.45765939354896545
25	590	0.29556572437286377	1.0	0.9984458684921265	0.44999998807907104	0.45326149463653564
25	600	0.29354822635650635	1.0	0.9985136389732361	0.44999998807907104	0.4508887529373169
25	610	0.2915782034397125	1.0	0.998581051826477	0.4599999785423279	0.4519159495830536
25	620	0.28965622186660767	1.0	0.9986445307731628	0.4599999785423279	0.45312491059303284
25	630	0.28778183460235596	1.0	0.9987019300460815	0.4699999988079071	0.4640660285949707
25	640	0.28594544529914856	1.0	0.9987586736679077	0.4699999988079071	0.4661094546318054
25	650	0.28414782881736755	1.0	0.9988166689872742	0.4699999988079071	0.46582120656967163
25	660	0.28240320086479187	1.0	0.9988662004470825	0.4699999988079071	0.4648981988430023
25	670	0.28069809079170227	1.0	0.9989020824432373	0.4699999988079071	0.46489378809928894
25	680	0.2790277600288391	1.0	0.9989432096481323	0.4699999988079071	0.46534445881843567
25	690	0.27738845348358154	1.0	0.9989834427833557	0.4699999988079071	0.46641257405281067
25	700	0.27577918767929077	1.0	0.9990260601043701	0.4699999988079071	0.4632800221443176
25	710	0.2742099165916443	1.0	0.999060332775116	0.4599999785423279	0.4550236165523529
25	720	0.27268195152282715	1.0	0.9990946650505066	0.44999998807907104	0.4541943669319153
25	730	0.2712119221687317	1.0	0.9991284012794495	0.44999998807907104	0.45126867294311523
25	740	0.2698116898536682	1.0	0.9991589188575745	0.44999998807907104	0.44818776845932007
25	750	0.2684685289859772	1.0	0.9992004036903381	0.4399999976158142	0.437568724155426
25	760	0.2671942710876465	1.0	0.9992690682411194	0.4399999976158142	0.43523725867271423
25	770	0.2659590542316437	1.0	0.9992939829826355	0.4399999976158142	0.4348229467868805
25	780	0.26477372646331787	1.0	0.9993163347244263	0.429999977350235	0.4282483458518982
25	790	0.26364192366600037	1.0	0.9993466734886169	0.429999977350235	0.42939889430999756
25	800	0.26245740056037903	1.0	0.9993693828582764	0.429999977350235	0.42752107977867126
25	810	0.26134008169174194	1.0	0.9993882775306702	0.41999998688697815	0.42298251390457153
25	820	0.26027607917785645	1.0	0.9994054436683655	0.4099999964237213	0.41188085079193115
25	830	0.2592390775680542	1.0	0.9994253516197205	0.41999998688697815	0.4150787889957428
25	840	0.2582332193851471	1.0	0.9994429349899292	0.4099999964237213	0.41298606991767883
25	850	0.2572462856769562	1.0	0.999457836151123	0.4099999964237213	0.411690890789032
25	860	0.25627601146698	1.0	0.9994746446609497	0.4099999964237213	0.4074067175388336
25	870	0.25532153248786926	1.0	0.9994880557060242	0.41999998688697815	0.40755560994148254
25	880	0.25437629222869873	1.0	0.9994997382164001	0.3999999761581421	0.4028850495815277
25	890	0.2534542679786682	1.0	0.9995155334472656	0.4099999964237213	0.403365820646286
25	900	0.2525745630264282	1.0	0.9995262026786804	0.3999999761581421	0.3995678722858429
25	910	0.2516363561153412	1.0	0.9995419383049011	0.3999999761581421	0.3910301923751831
25	920	0.25069722533226013	1.0	0.999558687210083	0.4099999964237213	0.40058082342147827
25	930	0.24981659650802612	1.0	0.9995712041854858	0.4099999964237213	0.40068551898002625
25	940	2.011680841445923	0.4399999976158142	0.3735126554965973	0.26999998092651367	0.23068580031394958
25	950	1.8330003023147583	0.5999999642372131	0.36915457248687744	0.29999998211860657	0.24749445915222168
25	960	1.3302463293075562	0.5199999809265137	0.442635178565979	0.28999999165534973	0.2798568308353424
25	970	1.193900227546692	0.5999999642372131	0.5165231227874756	0.29999998211860657	0.3182998299598694
25	980	1.5256881713867188	0.23999999463558197	0.22362853586673737	0.1599999964237213	0.21510185301303864
25	990	1.3774532079696655	0.5600000023841858	0.3643667995929718	0.29999998211860657	0.2501952648162842
25	1000	1.324893593788147	0.4399999976158142	0.31719064712524414	0.22999998927116394	0.2434961199760437
50	0	2.2887122631073	0.0	0.10138829052448273	0.0	0.10020610690116882
50	10	1.937839388847351	0.2800000011920929	0.17184442281723022	0.2800000011920929	0.17065200209617615
50	20	1.7544140815734863	0.2800000011920929	0.20788219571113586	0.2800000011920929	0.19887180626392365
50	30	1.6421047449111938	0.2800000011920929	0.23177117109298706	0.2800000011920929	0.21530750393867493
50	40	1.5660231113433838	0.3400000035762787	0.24427615106105804	0.2800000011920929	0.2213284969329834
50	50	1.4735604524612427	0.4399999976158142	0.2925328016281128	0.38999998569488525	0.2768387198448181
50	60	1.4094549417495728	0.47999998927116394	0.34590065479278564	0.38999998569488525	0.31517544388771057
50	70	1.3492918014526367	0.5	0.35520029067993164	0.429999977350235	0.32409071922302246
50	80	1.307515263557434	0.4599999785423279	0.3869364559650421	0.4099999964237213	0.34132155776023865
50	90	1.2265851497650146	0.5999999642372131	0.43752920627593994	0.4099999964237213	0.3621496856212616
50	100	1.1550936698913574	0.6200000047683716	0.4516638219356537	0.4699999988079071	0.38184505701065063
50	110	1.1583530902862549	0.6599999666213989	0.4296106696128845	0.4899999797344208	0.3743542432785034
50	120	1.036770224571228	0.7199999690055847	0.5407058000564575	0.5099999904632568	0.41915738582611084
50	130	0.950858473777771	0.7799999713897705	0.5895047783851624	0.5199999809265137	0.4241613745689392
50	140	1.005509853363037	0.7799999713897705	0.6187607049942017	0.550000011920929	0.47770288586616516
50	150	0.9008187651634216	0.8399999737739563	0.6587576866149902	0.5600000023841858	0.4842364490032196
50	160	0.8222768902778625	0.8999999761581421	0.7350983023643494	0.5299999713897705	0.4988047778606415
50	170	0.7873271107673645	0.8999999761581421	0.7561513185501099	0.5899999737739563	0.5263264179229736
50	180	0.7531390190124512	0.8999999761581421	0.7858924865722656	0.5699999928474426	0.5357102751731873
50	190	0.7216413617134094	0.8999999761581421	0.8095946907997131	0.5699999928474426	0.534751296043396
50	200	0.7446380853652954	0.8399999737739563	0.7825058698654175	0.6299999952316284	0.5797763466835022
50	210	0.8147996664047241	0.8399999737739563	0.7269939184188843	0.550000011920929	0.5060329437255859
50	220	0.7925052046775818	0.85999995470047	0.7643448710441589	0.5799999833106995	0.5278754830360413
50	230	0.7704341411590576	0.85999995470047	0.7696308493614197	0.5399999618530273	0.5159636735916138
50	240	0.7432141900062561	0.8999999761581421	0.806204080581665	0.550000011920929	0.5332348942756653
50	250	0.6879627704620361	0.9199999570846558	0.7983089089393616	0.5099999904632568	0.4854542315006256
50	260	0.6794471740722656	0.8999999761581421	0.7940478324890137	0.5600000023841858	0.5166984796524048
50	270	0.6480893492698669	0.9399999976158142	0.8439086675643921	0.5399999618530273	0.5148745775222778
50	280	0.6228280067443848	0.9199999570846558	0.858205258846283	0.5699999928474426	0.5517951250076294
50	290	0.6365880370140076	0.8999999761581421	0.8043976426124573	0.5600000023841858	0.530110239982605
50	300	0.6443796753883362	0.85999995470047	0.8097207546234131	0.550000011920929	0.5285539031028748
50	310	0.6985099911689758	0.8399999737739563	0.7923868298530579	0.4899999797344208	0.4909929633140564
50	320	0.6390786170959473	0.9399999976158142	0.8279507756233215	0.5999999642372131	0.5450939536094666
50	330	0.5978327393531799	0.9599999785423279	0.8494448661804199	0.5299999713897705	0.5230739116668701
50	340	0.5955713391304016	0.8999999761581421	0.8469987511634827	0.5600000023841858	0.5352287292480469
50	350	0.5432696342468262	0.9599999785423279	0.8988329768180847	0.5600000023841858	0.5366382002830505
50	360	0.5124196410179138	0.9599999785423279	0.9167217016220093	0.5799999833106995	0.5589783191680908
50	370	0.49336910247802734	0.9799999594688416	0.9248754382133484	0.5699999928474426	0.5563125014305115
50	380	0.5407325625419617	0.9399999976158142	0.8746360540390015	0.5299999713897705	0.5176681280136108
50	390	0.6837711334228516	0.8399999737739563	0.80708247423172	0.5999999642372131	0.5652523040771484
50	400	0.5216184258460999	0.9799999594688416	0.9250486493110657	0.5399999618530273	0.5259242057800293
50	410	0.5307714939117432	0.9399999976158142	0.910129964351654	0.5600000023841858	0.540443480014801
50	420	0.6695641875267029	0.8999999761581421	0.8349961638450623	0.5399999618530273	0.5423941016197205
50	430	0.5503583550453186	0.9399999976158142	0.8970947265625	0.5699999928474426	0.5382012724876404
50	440	0.49054428935050964	0.9599999785423279	0.9205119013786316	0.550000011920929	0.5119942426681519
50	450	0.46212050318717957	0.9799999594688416	0.9412422776222229	0.5699999928474426	0.5447279214859009
50	460	0.45659106969833374	0.9799999594688416	0.9444807171821594	0.550000011920929	0.5412803292274475
50	470	0.4675058424472809	0.9599999785423279	0.916827380657196	0.5099999904632568	0.5132526159286499
50	480	0.5064372420310974	0.9599999785423279	0.9074264168739319	0.5399999618530273	0.5313369631767273
50	490	0.6829822659492493	0.9199999570846558	0.8887286186218262	0.5199999809265137	0.5046141743659973
50	500	0.4697425961494446	0.9799999594688416	0.9292595982551575	0.5	0.4814949631690979
50	510	0.7784639596939087	0.8199999928474426	0.7762170433998108	0.5299999713897705	0.5098193287849426
50	520	0.8786218166351318	0.699999988079071	0.6382368206977844	0.44999998807907104	0.448905348777771
50	530	0.6702828407287598	0.8999999761581421	0.7427548170089722	0.550000011920929	0.48560336232185364
50	540	0.5656695365905762	0.9599999785423279	0.8772741556167603	0.4599999785423279	0.4456174671649933
50	550	0.4902516305446625	0.9799999594688416	0.9281536936759949	0.4699999988079071	0.4622569680213928
50	560	0.4646236002445221	0.9799999594688416	0.9298135042190552	0.5099999904632568	0.49173805117607117
50	570	0.4310588836669922	0.9799999594688416	0.9524683952331543	0.5	0.49806082248687744
50	580	0.4142327606678009	0.9799999594688416	0.9631571173667908	0.47999998927116394	0.4713371992111206
50	590	0.4031084179878235	1.0	0.9685144424438477	0.5299999713897705	0.5108093023300171
50	600	0.3933415710926056	1.0	0.973151445388794	0.5	0.5119006037712097
50	610	0.38643091917037964	1.0	0.9783633351325989	0.5199999809265137	0.5115137100219727
50	620	0.3802875578403473	1.0	0.9807063341140747	0.5099999904632568	0.5195105075836182
50	630	0.3751930296421051	1.0	0.9826444983482361	0.5199999809265137	0.5222402215003967
50	640	0.37105792760849	1.0	0.9839686155319214	0.5099999904632568	0.5142053961753845
50	650	0.366897851228714	1.0	0.9851353168487549	0.5199999809265137	0.515265703201294
50	660	0.36315616965293884	1.0	0.9859663844108582	0.5099999904632568	0.5158764719963074
50	670	0.3598642349243164	1.0	0.9876022338867188	0.5299999713897705	0.5269411206245422
50	680	0.3561556339263916	1.0	0.9920049905776978	0.5099999904632568	0.5129724740982056
50	690	0.35233935713768005	1.0	0.9941464066505432	0.5	0.5077182650566101
50	700	0.3487042188644409	1.0	0.9953736066818237	0.5299999713897705	0.5159304141998291
50	710	0.3458569049835205	1.0	0.9957543015480042	0.5299999713897705	0.5209550857543945
50	720	0.34338539838790894	1.0	0.9961205720901489	0.5099999904632568	0.5048279166221619
50	730	0.3411635458469391	1.0	0.9964882731437683	0.5199999809265137	0.5037104487419128
50	740	0.33911582827568054	1.0	0.9967949390411377	0.5199999809265137	0.504315197467804
50	750	0.33722010254859924	1.0	0.9970340728759766	0.5199999809265137	0.5022911429405212
50	760	0.3354252576828003	1.0	0.9972327947616577	0.5099999904632568	0.49793872237205505
50	770	0.33368805050849915	1.0	0.9974022507667542	0.4899999797344208	0.4882469177246094
50	780	0.33202534914016724	1.0	0.9975090026855469	0.4699999988079071	0.4840812683105469
50	790	0.330390065908432	1.0	0.9976681470870972	0.4599999785423279	0.4774059057235718
50	800	0.3287855088710785	1.0	0.9977569580078125	0.4599999785423279	0.4709864556789398
50	810	0.32730212807655334	1.0	0.9979787468910217	0.4599999785423279	0.4677019715309143
50	820	0.32584643363952637	1.0	0.9981585741043091	0.4699999988079071	0.4665958285331726
50	830	0.3244188725948334	1.0	0.9983208775520325	0.4599999785423279	0.4694022238254547
50	840	0.32301434874534607	1.0	0.9984278082847595	0.4699999988079071	0.47539886832237244
50	850	0.3216860592365265	1.0	0.9983764290809631	0.4899999797344208	0.48602908849716187
50	860	0.32037293910980225	1.0	0.9985616207122803	0.47999998927116394	0.48680636286735535
50	870	0.3191376030445099	1.0	0.9986346364021301	0.4899999797344208	0.49009138345718384
50	880	0.3179336488246918	1.0	0.9986891150474548	0.4899999797344208	0.48580679297447205
50	890	0.3167553246021271	1.0	0.9986825585365295	0.5	0.49270614981651306
50	900	0.3155325949192047	1.0	0.9988335967063904	0.4899999797344208	0.4839513301849365
50	910	0.3143842816352844	1.0	0.9988760352134705	0.4899999797344208	0.48708468675613403
50	920	0.31321588158607483	1.0	0.9989086985588074	0.4899999797344208	0.4828510880470276
50	930	0.31205716729164124	1.0	0.998948872089386	0.4899999797344208	0.4863375723361969
50	940	0.31093356013298035	1.0	0.9989791512489319	0.4899999797344208	0.48255056142807007
50	950	0.3097957372665405	1.0	0.9990078806877136	0.47999998927116394	0.48303091526031494
50	960	0.30861085653305054	1.0	0.9990248680114746	0.4899999797344208	0.481934130191803
50	970	0.30732834339141846	1.0	0.9990594387054443	0.47999998927116394	0.47521713376045227
50	980	0.3057052493095398	1.0	0.999051034450531	0.4699999988079071	0.4722360074520111
50	990	0.3042404055595398	1.0	0.9990398287773132	0.47999998927116394	0.47057729959487915
50	1000	0.3030455708503723	1.0	0.9990858435630798	0.47999998927116394	0.47156286239624023
100	0	2.1608433723449707	0.0	0.11331334710121155	0.0	0.11206626892089844
100	10	1.7852630615234375	0.25	0.1899440586566925	0.19999998807907104	0.18383945524692535
100	20	1.6429262161254883	0.26999998092651367	0.2134273499250412	0.26999998092651367	0.2124149203300476
100	30	1.5744341611862183	0.38999998569488525	0.23899869620800018	0.3499999940395355	0.23376873135566711
100	40	1.5485763549804688	0.3400000035762787	0.2536791265010834	0.4599999785423279	0.27521535754203796
100	50	1.496635913848877	0.38999998569488525	0.27792641520500183	0.3799999952316284	0.2829604744911194
100	60	1.447249412536621	0.4099999964237213	0.2966621518135071	0.3700000047683716	0.3008667230606079
100	70	1.3960474729537964	0.41999998688697815	0.3138263523578644	0.3499999940395355	0.31114906072616577
100	80	1.337013602256775	0.4899999797344208	0.3382987082004547	0.35999998450279236	0.3263379633426666
100	90	1.2853591442108154	0.5099999904632568	0.38476160168647766	0.3700000047683716	0.32420286536216736
100	100	1.2663747072219849	0.5	0.407404363155365	0.3199999928474426	0.3379848897457123
100	110	1.2654504776000977	0.5199999809265137	0.3956511914730072	0.3799999952316284	0.34872370958328247
100	120	1.2328788042068481	0.5099999904632568	0.39967870712280273	0.32999998331069946	0.3369383215904236
100	130	1.2145910263061523	0.5199999809265137	0.40976324677467346	0.3400000035762787	0.35719457268714905
100	140	1.1956206560134888	0.5	0.4313059449195862	0.3499999940395355	0.3503848910331726
100	150	1.2023652791976929	0.44999998807907104	0.3971315026283264	0.3499999940395355	0.3642159104347229
100	160	1.157240390777588	0.5600000023841858	0.43042489886283875	0.41999998688697815	0.36480316519737244
100	170	1.1208451986312866	0.5899999737739563	0.47537878155708313	0.47999998927116394	0.3786819279193878
100	180	1.0838156938552856	0.6599999666213989	0.4977230429649353	0.44999998807907104	0.3797568082809448
100	190	1.0423389673233032	0.6200000047683716	0.528101921081543	0.4899999797344208	0.3902287185192108
100	200	1.00761079788208	0.7099999785423279	0.5420652627944946	0.4599999785423279	0.38740769028663635
100	210	1.028478980064392	0.6599999666213989	0.5502496957778931	0.5199999809265137	0.42696288228034973
100	220	0.9835104942321777	0.6800000071525574	0.5667232275009155	0.4399999976158142	0.41693148016929626
100	230	0.9851763248443604	0.7400000095367432	0.5793411135673523	0.5199999809265137	0.46184241771698
100	240	0.8992062211036682	0.7799999713897705	0.6378631591796875	0.5099999904632568	0.46080482006073
100	250	0.8772569298744202	0.8100000023841858	0.657008707523346	0.5299999713897705	0.4839073717594147
100	260	0.8460314273834229	0.7999999523162842	0.674774706363678	0.5299999713897705	0.5078204274177551
100	270	0.8110389709472656	0.8399999737739563	0.6992466449737549	0.5699999928474426	0.514114499092102
100	280	0.9426400661468506	0.7099999785423279	0.6453279256820679	0.5299999713897705	0.4987544119358063
100	290	0.8652104139328003	0.7799999713897705	0.6659321188926697	0.5699999928474426	0.5107026696205139
100	300	0.8393645286560059	0.7599999904632568	0.6679327487945557	0.5600000023841858	0.5085601806640625
100	310	0.7822781205177307	0.7899999618530273	0.7000287175178528	0.5600000023841858	0.5233730673789978
100	320	0.7688385248184204	0.8100000023841858	0.7228080630302429	0.5899999737739563	0.554820716381073
100	330	0.7185655236244202	0.85999995470047	0.7552853226661682	0.5799999833106995	0.5717750191688538
100	340	0.6838321685791016	0.8799999952316284	0.7800813913345337	0.5799999833106995	0.5717206597328186
100	350	0.6797969937324524	0.8799999952316284	0.7848895192146301	0.550000011920929	0.5576726198196411
100	360	0.7026240825653076	0.85999995470047	0.7693974375724792	0.5399999618530273	0.54168301820755
100	370	0.655855119228363	0.9099999666213989	0.8073339462280273	0.5600000023841858	0.546054482460022
100	380	0.9092363119125366	0.6800000071525574	0.6472775340080261	0.5600000023841858	0.5333190560340881
100	390	0.7456006407737732	0.8100000023841858	0.728119432926178	0.5600000023841858	0.5263264179229736
100	400	0.6806683540344238	0.8899999856948853	0.7928712368011475	0.6399999856948853	0.5679210424423218
100	410	0.6470701098442078	0.8999999761581421	0.8253684043884277	0.5899999737739563	0.5644984245300293
100	420	0.6153484582901001	0.9099999666213989	0.8483203649520874	0.6200000047683716	0.5616077780723572
100	430	0.5896328091621399	0.9399999976158142	0.8673836588859558	0.5999999642372131	0.5726773142814636
100	440	0.6191818714141846	0.9300000071525574	0.8431388735771179	0.5999999642372131	0.5818225145339966
100	450	0.5656425356864929	0.9599999785423279	0.8922029733657837	0.6100000143051147	0.5926523208618164
100	460	0.5775216817855835	0.9599999785423279	0.898322582244873	0.5999999642372131	0.5965178608894348
100	470	0.5357152819633484	0.9699999690055847	0.9333387613296509	0.5999999642372131	0.5920246243476868
100	480	0.9033102989196777	0.7099999785423279	0.6445356607437134	0.550000011920929	0.5160945653915405
100	490	0.8007926940917969	0.7999999523162842	0.7176790237426758	0.5699999928474426	0.5345460176467896
100	500	0.6796035766601562	0.8700000047683716	0.7673406600952148	0.5600000023841858	0.5118433833122253
100	510	0.6982572674751282	0.8700000047683716	0.7922366261482239	0.5799999833106995	0.5368950366973877
100	520	0.6111927032470703	0.9199999570846558	0.8586442470550537	0.5899999737739563	0.5789884328842163
100	530	0.5567104816436768	0.9799999594688416	0.8832104206085205	0.6599999666213989	0.6065623760223389
100	540	0.5213558673858643	0.9699999690055847	0.9267367124557495	0.6100000143051147	0.5868942737579346
100	550	0.497193843126297	0.9799999594688416	0.9489312767982483	0.5799999833106995	0.585237443447113
100	560	0.47661730647087097	1.0	0.9701266884803772	0.5699999928474426	0.5749394297599792
100	570	0.4572716951370239	1.0	0.9822688102722168	0.5699999928474426	0.5685253143310547
100	580	0.4440705180168152	1.0	0.9866892695426941	0.6100000143051147	0.5988317131996155
100	590	0.4348065257072449	1.0	0.9890365600585938	0.5999999642372131	0.5937142968177795
100	600	0.4267406463623047	1.0	0.9910947680473328	0.5899999737739563	0.5906917452812195
100	610	0.42006915807724	1.0	0.9927685260772705	0.5899999737739563	0.58327716588974
100	620	0.4143838584423065	1.0	0.9934741258621216	0.5799999833106995	0.5824171304702759
100	630	0.40968868136405945	1.0	0.9939865469932556	0.5799999833106995	0.5744327306747437
100	640	0.4055890142917633	1.0	0.9946929812431335	0.5799999833106995	0.5789386034011841
100	650	0.40182578563690186	1.0	0.9958229660987854	0.5799999833106995	0.577480673789978
100	660	0.3982730805873871	1.0	0.9966291785240173	0.5699999928474426	0.5737210512161255
100	670	0.3952452540397644	1.0	0.9968461394309998	0.5699999928474426	0.5700116157531738
100	680	0.39231476187705994	1.0	0.9971249103546143	0.5600000023841858	0.5648046135902405
100	690	0.3894074261188507	1.0	0.9973030090332031	0.5600000023841858	0.5622786283493042
100	700	0.38652950525283813	1.0	0.9974290132522583	0.550000011920929	0.5583285689353943
100	710	0.38375797867774963	1.0	0.9975617527961731	0.550000011920929	0.5543429255485535
100	720	0.38114941120147705	1.0	0.9977179765701294	0.5399999618530273	0.5479429960250854
100	730	0.37876957654953003	1.0	0.9978446960449219	0.5600000023841858	0.5550479888916016
100	740	0.37663963437080383	1.0	0.9979897737503052	0.5699999928474426	0.5664965510368347
100	750	0.37476032972335815	1.0	0.9980775117874146	0.5799999833106995	0.5757066011428833
100	760	0.3730520009994507	1.0	0.998145341873169	0.5799999833106995	0.5784549713134766
100	770	0.37146732211112976	1.0	0.9982177019119263	0.5799999833106995	0.5784975290298462
100	780	0.3699468970298767	1.0	0.9982842803001404	0.5600000023841858	0.5645403265953064
100	790	0.36848458647727966	1.0	0.9983308911323547	0.5699999928474426	0.5711836218833923
100	800	0.36706748604774475	1.0	0.998376190662384	0.5799999833106995	0.5719842910766602
100	810	0.3657039701938629	1.0	0.9984033703804016	0.5600000023841858	0.5607345700263977
100	820	0.36440545320510864	1.0	0.9985226988792419	0.5600000023841858	0.5616211295127869
100	830	0.3631480038166046	1.0	0.9985827207565308	0.5600000023841858	0.560920774936676
100	840	0.3619236350059509	1.0	0.99863201379776	0.5600000023841858	0.5618059635162354
100	850	0.3607111871242523	1.0	0.9986796975135803	0.5600000023841858	0.5584583282470703
100	860	0.35948479175567627	1.0	0.9987226724624634	0.5699999928474426	0.5578569769859314
100	870	0.35824596881866455	1.0	0.9987684488296509	0.5799999833106995	0.5659489035606384
100	880	0.3570270538330078	1.0	0.9988127946853638	0.5699999928474426	0.5647956728935242
100	890	0.35584381222724915	1.0	0.9988600015640259	0.5699999928474426	0.5628494024276733
100	900	0.3546992540359497	1.0	0.9989094138145447	0.5799999833106995	0.5717344284057617
100	910	0.3535945415496826	1.0	0.9989461302757263	0.5799999833106995	0.5719330310821533
100	920	0.3525153398513794	1.0	0.9989721179008484	0.5799999833106995	0.5735940933227539
100	930	0.35145145654678345	1.0	0.999007523059845	0.5799999833106995	0.5779058933258057
100	940	0.35040977597236633	1.0	0.9990291595458984	0.5799999833106995	0.5824260115623474
100	950	0.3493792414665222	1.0	0.9990453720092773	0.5699999928474426	0.5772757530212402
100	960	0.34834736585617065	1.0	0.9990598559379578	0.550000011920929	0.5549730658531189
100	970	0.34729915857315063	1.0	0.9990638494491577	0.550000011920929	0.5514340400695801
100	980	0.3462194800376892	1.0	0.9990671277046204	0.5600000023841858	0.5524860620498657
100	990	0.345138818025589	1.0	0.9990912675857544	0.550000011920929	0.5456312298774719
100	1000	0.3440941274166107	1.0	0.9991329908370972	0.550000011920929	0.5498182773590088
200	0	2.122562885284424	0.2199999988079071	0.12436062842607498	0.23999999463558197	0.11932457983493805
200	10	1.6262940168380737	0.25	0.22059215605258942	0.23999999463558197	0.2205624133348465
200	20	1.5429666638374329	0.25999999046325684	0.23839373886585236	0.2800000011920929	0.23910804092884064
200	30	1.472432792186737	0.375	0.2666229009628296	0.35999998450279236	0.2658436596393585
200	40	1.404651701450348	0.4399999976158142	0.300603449344635	0.4399999976158142	0.29559430480003357
200	50	1.3498072028160095	0.44999998807907104	0.328185111284256	0.4399999976158142	0.3225022554397583
200	60	1.3124852180480957	0.45499998331069946	0.34654173254966736	0.44999998807907104	0.3412715494632721
200	70	1.3111317157745361	0.44999998807907104	0.34065482020378113	0.4399999976158142	0.33637744188308716
200	80	1.2767313718795776	0.4699999988079071	0.3657156229019165	0.4599999785423279	0.35301604866981506
200	90	1.2441307306289673	0.5099999904632568	0.37085089087486267	0.41999998688697815	0.3456973135471344
200	100	1.2096179723739624	0.5149999856948853	0.3784279525279999	0.4399999976158142	0.35963186621665955
200	110	1.1624616980552673	0.574999988079071	0.4136482775211334	0.4899999797344208	0.37917694449424744
200	120	1.0790883302688599	0.6449999809265137	0.4745112955570221	0.5299999713897705	0.43058112263679504
200	130	1.0536165237426758	0.6499999761581421	0.4726774990558624	0.5899999737739563	0.43692660331726074
200	140	1.0020520091056824	0.6649999618530273	0.519268810749054	0.6200000047683716	0.47113218903541565
200	150	0.9981390237808228	0.6699999570846558	0.5241919755935669	0.5999999642372131	0.4769478142261505
200	160	0.9988436102867126	0.6649999618530273	0.534031867980957	0.5199999809265137	0.4508902132511139
200	170	0.9783928394317627	0.6649999618530273	0.5456465482711792	0.47999998927116394	0.45277076959609985
200	180	1.0037942826747894	0.6200000047683716	0.5247212648391724	0.5399999618530273	0.4623653292655945
200	190	0.9021152555942535	0.6800000071525574	0.5757156014442444	0.5399999618530273	0.478485643863678
200	200	0.8942445516586304	0.7099999785423279	0.5890873074531555	0.5600000023841858	0.48757994174957275
200	210	0.8880422711372375	0.7149999737739563	0.5863621830940247	0.5699999928474426	0.48582372069358826
200	220	0.8796005547046661	0.7299999594688416	0.5871222019195557	0.5799999833106995	0.4759882986545563
200	230	0.8187154829502106	0.75	0.6428560614585876	0.5899999737739563	0.5310657620429993
200	240	0.8386735618114471	0.7450000047683716	0.6284398436546326	0.6100000143051147	0.5290111303329468
200	250	1.0352895855903625	0.675000011920929	0.5863627791404724	0.5099999904632568	0.4834401607513428
200	260	0.9705742299556732	0.6349999904632568	0.5484275817871094	0.5299999713897705	0.4809262752532959
200	270	0.8044718205928802	0.7749999761581421	0.6624072194099426	0.5899999737739563	0.5403197407722473
200	280	0.7646713852882385	0.7899999618530273	0.6888927817344666	0.6399999856948853	0.5705704092979431
200	290	0.7672408521175385	0.7899999618530273	0.6890060305595398	0.6200000047683716	0.5635149478912354
200	300	0.786092221736908	0.7299999594688416	0.6647348403930664	0.6299999952316284	0.5508577823638916
200	310	0.7828129231929779	0.7849999666213989	0.6748127341270447	0.6200000047683716	0.5653771758079529
200	320	0.7314521670341492	0.7699999809265137	0.6886465549468994	0.5999999642372131	0.5767797231674194
200	330	0.6875817477703094	0.8399999737739563	0.7189579606056213	0.6899999976158142	0.5987548828125
200	340	0.7035575211048126	0.7949999570846558	0.7281332015991211	0.6800000071525574	0.5990578532218933
200	350	1.2238656282424927	0.4899999797344208	0.42461836338043213	0.44999998807907104	0.3673034608364105
200	360	0.9941701889038086	0.5699999928474426	0.504096269607544	0.44999998807907104	0.43626853823661804
200	370	0.8368450403213501	0.7649999856948853	0.6104034781455994	0.6399999856948853	0.5471581220626831
200	380	0.804810643196106	0.73499995470047	0.6529693603515625	0.6899999976158142	0.5963342189788818
200	390	0.8477473258972168	0.6949999928474426	0.618862509727478	0.6299999952316284	0.5497801899909973
200	400	0.7275367379188538	0.7899999618530273	0.685249388217926	0.6100000143051147	0.5715853571891785
200	410	0.6764424443244934	0.7749999761581421	0.715924084186554	0.6200000047683716	0.5725387334823608
200	420	0.6706504225730896	0.8299999833106995	0.7749500870704651	0.6499999761581421	0.6273165941238403
200	430	0.6786679327487946	0.7949999570846558	0.729582667350769	0.6599999666213989	0.6106235980987549
200	440	0.5720046758651733	0.8949999809265137	0.8378095030784607	0.7199999690055847	0.6591094732284546
200	450	0.588870495557785	0.8949999809265137	0.8262412548065186	0.6699999570846558	0.6365543007850647
200	460	0.548227846622467	0.9249999523162842	0.8497588038444519	0.699999988079071	0.673804759979248
200	470	0.6681774854660034	0.8549999594688416	0.788616955280304	0.6699999570846558	0.6215855479240417
200	480	0.5483182072639465	0.9199999570846558	0.8510969877243042	0.7099999785423279	0.6608971953392029
200	490	0.5022211521863937	0.9799999594688416	0.9058926701545715	0.7099999785423279	0.7044442296028137
200	500	0.4884311705827713	0.9649999737739563	0.9271615147590637	0.699999988079071	0.6831306219100952
200	510	0.49788253009319305	0.9599999785423279	0.9206361174583435	0.6800000071525574	0.6476898193359375
200	520	0.5557071566581726	0.9149999618530273	0.8641567826271057	0.699999988079071	0.6803091168403625
200	530	0.5074875950813293	0.9399999976158142	0.8948839902877808	0.7299999594688416	0.7078850865364075
200	540	0.5429223477840424	0.9399999976158142	0.9059615731239319	0.75	0.7194435000419617
200	550	0.46851135790348053	0.9699999690055847	0.9451740980148315	0.7699999809265137	0.731011688709259
200	560	0.7668903172016144	0.7949999570846558	0.7537392973899841	0.6699999570846558	0.6639312505722046
200	570	0.5595203936100006	0.9099999666213989	0.8624398708343506	0.7699999809265137	0.7247412204742432
200	580	0.46593472361564636	0.9799999594688416	0.9401394724845886	0.7400000095367432	0.7266762852668762
200	590	0.4652739316225052	0.9649999737739563	0.9297199845314026	0.7299999594688416	0.7203024625778198
200	600	0.42598409950733185	0.9950000047683716	0.9704298973083496	0.7299999594688416	0.713684618473053
200	610	0.4116136133670807	0.9950000047683716	0.9783124923706055	0.699999988079071	0.7084277272224426
200	620	0.402635857462883	1.0	0.9849877953529358	0.7099999785423279	0.7087617516517639
200	630	0.3967888802289963	1.0	0.9877729415893555	0.699999988079071	0.7006767392158508
200	640	0.39402537047863007	1.0	0.9908474683761597	0.6899999976158142	0.6939809322357178
200	650	0.8084781169891357	0.75	0.7272821068763733	0.6899999976158142	0.6798577904701233
200	660	0.735252320766449	0.8100000023841858	0.7674301266670227	0.699999988079071	0.6383682489395142
200	670	0.8685712516307831	0.73499995470047	0.6702545285224915	0.6599999666213989	0.6172379851341248
200	680	0.6453518569469452	0.85999995470047	0.7635939717292786	0.699999988079071	0.6412092447280884
200	690	0.5293547213077545	0.9199999570846558	0.8723708987236023	0.6800000071525574	0.6789263486862183
200	700	0.4852459281682968	0.9749999642372131	0.9221412539482117	0.75	0.7461946606636047
200	710	0.4425850808620453	0.9899999499320984	0.9589892625808716	0.7899999618530273	0.7722740173339844
200	720	0.4313816577196121	0.98499995470047	0.9698311686515808	0.7799999713897705	0.7622199654579163
200	730	0.4362108111381531	0.98499995470047	0.9674790501594543	0.7699999809265137	0.7662003636360168
200	740	0.4221675544977188	0.9950000047683716	0.9748677611351013	0.7699999809265137	0.7550172209739685
200	750	0.40372684597969055	0.9950000047683716	0.9856644868850708	0.7400000095367432	0.736700177192688
200	760	0.3909331411123276	1.0	0.9915879368782043	0.7799999713897705	0.7529032826423645
200	770	0.3848665952682495	1.0	0.993687093257904	0.7799999713897705	0.761876106262207
200	780	0.37950775027275085	1.0	0.9953204393386841	0.75	0.7401788830757141
200	790	0.913790225982666	0.8199999928474426	0.8136502504348755	0.6599999666213989	0.671142041683197
200	800	0.7970971763134003	0.7699999809265137	0.7020727396011353	0.6100000143051147	0.578715980052948
200	810	0.5956682562828064	0.8899999856948853	0.8375430703163147	0.6699999570846558	0.6593614816665649
200	820	0.49263012409210205	0.9799999594688416	0.9228654503822327	0.7299999594688416	0.7176602482795715
200	830	0.4450346380472183	0.9950000047683716	0.9683725237846375	0.7299999594688416	0.7427151203155518
200	840	0.4171966165304184	1.0	0.9821723699569702	0.7599999904632568	0.7509822845458984
200	850	0.4008374512195587	1.0	0.9871330261230469	0.7400000095367432	0.7496989369392395
200	860	0.4098314046859741	0.98499995470047	0.9754266142845154	0.7299999594688416	0.7328791618347168
200	870	0.9664465188980103	0.8050000071525574	0.7978500127792358	0.7599999904632568	0.7254037857055664
200	880	0.6291841864585876	0.8349999785423279	0.7801830768585205	0.6699999570846558	0.6662778258323669
200	890	0.48987698554992676	0.9549999833106995	0.9004786610603333	0.7799999713897705	0.7382545471191406
200	900	0.431414857506752	0.98499995470047	0.94516521692276	0.7400000095367432	0.7371232509613037
200	910	0.409166157245636	1.0	0.9659532904624939	0.7899999618530273	0.7698139548301697
200	920	0.39172959327697754	1.0	0.9803855419158936	0.7599999904632568	0.7548254132270813
200	930	0.38165707886219025	1.0	0.9871034026145935	0.7699999809265137	0.7652475833892822
200	940	0.3749582916498184	1.0	0.9900379776954651	0.7699999809265137	0.7648388743400574
200	950	0.3698827475309372	1.0	0.9918681383132935	0.7599999904632568	0.7632846832275391
200	960	0.3657540827989578	1.0	0.9931263327598572	0.7799999713897705	0.7668097019195557
200	970	0.36245034635066986	1.0	0.9941085577011108	0.7699999809265137	0.7579786777496338
200	980	0.3601970970630646	1.0	0.9945405125617981	0.7599999904632568	0.7556670904159546
200	990	0.35792843997478485	1.0	0.9948861598968506	0.7599999904632568	0.7548196315765381
200	1000	0.35628609359264374	1.0	0.995408296585083	0.7599999904632568	0.7511375546455383
300	0	2.134086529413859	0.25	0.12601244449615479	0.3199999928474426	0.1157137006521225
300	10	1.5543691714604695	0.33666667342185974	0.25150883197784424	0.35999998450279236	0.2574158012866974
300	20	1.3909707466761272	0.43666666746139526	0.32676735520362854	0.429999977350235	0.3200750946998596
300	30	1.3620356718699138	0.4300000071525574	0.3340459167957306	0.3799999952316284	0.33184123039245605
300	40	1.3256790240605671	0.4000000059604645	0.33511272072792053	0.4599999785423279	0.331192284822464
300	50	1.2725422779719036	0.43666666746139526	0.35566452145576477	0.4599999785423279	0.3677995204925537
300	60	1.2372193336486816	0.47333335876464844	0.3699917495250702	0.429999977350235	0.3656299412250519
300	70	1.2125365336736043	0.4699999988079071	0.3706473410129547	0.4099999964237213	0.3638252317905426
300	80	1.2444414297739665	0.4399999976158142	0.3682878315448761	0.4699999988079071	0.36668267846107483
300	90	1.2056997617085774	0.4699999988079071	0.38837286829948425	0.47999998927116394	0.39001667499542236
300	100	1.197819431622823	0.4833333492279053	0.39725443720817566	0.5099999904632568	0.41994035243988037
300	110	1.1869595448176067	0.4699999988079071	0.3625434637069702	0.4699999988079071	0.3769843876361847
300	120	1.078444202740987	0.5766666531562805	0.45142823457717896	0.550000011920929	0.4317420721054077
300	130	1.0802016655604045	0.6033333539962769	0.4549565613269806	0.5399999618530273	0.41745731234550476
300	140	1.0233949820200603	0.6133333444595337	0.4983771741390228	0.5799999833106995	0.492439866065979
300	150	1.0206027626991272	0.6266666650772095	0.48551902174949646	0.5600000023841858	0.4407661259174347
300	160	0.9748940666516622	0.643333375453949	0.5274059176445007	0.6200000047683716	0.5125858783721924
300	170	1.050814946492513	0.5866667032241821	0.47139081358909607	0.5699999928474426	0.45207133889198303
300	180	1.0497864087422688	0.6166666746139526	0.5215882658958435	0.6399999856948853	0.5119497776031494
300	190	0.9279213945070902	0.6933333277702332	0.5519164204597473	0.5899999737739563	0.4791325628757477
300	200	1.0094709992408752	0.596666693687439	0.49523672461509705	0.5799999833106995	0.4766124188899994
300	210	0.8534969091415405	0.7733333706855774	0.6165006756782532	0.7599999904632568	0.6066626310348511
300	220	0.7650957703590393	0.8300000429153442	0.6920980215072632	0.7799999713897705	0.656261146068573
300	230	0.7624698479970297	0.800000011920929	0.7013620138168335	0.7699999809265137	0.6829071640968323
300	240	0.6909684936205546	0.8533333539962769	0.7669122815132141	0.8199999928474426	0.721609354019165
300	250	0.7028248111406962	0.8600000143051147	0.7631526589393616	0.75	0.687506914138794
300	260	0.609423021475474	0.9033333659172058	0.8430420756340027	0.8700000047683716	0.8042758107185364
300	270	0.6936187148094177	0.8400000333786011	0.7974128723144531	0.85999995470047	0.799467146396637
300	280	0.6095006068547567	0.9033333659172058	0.8203544020652771	0.8399999737739563	0.7796428799629211
300	290	0.5958127379417419	0.9100000262260437	0.8557127118110657	0.8700000047683716	0.8133071660995483
300	300	0.5297395785649618	0.9466667175292969	0.9108477234840393	0.8999999761581421	0.8690742254257202
300	310	0.6017097036043803	0.9033333659172058	0.8645248413085938	0.8999999761581421	0.8443426489830017
300	320	0.566601554552714	0.9399999976158142	0.8962200284004211	0.9199999570846558	0.8744490146636963
300	330	0.5052712559700012	0.9766666889190674	0.9237316846847534	0.9199999570846558	0.8830341696739197
300	340	0.4891969958941142	0.9766666889190674	0.952381432056427	0.9099999666213989	0.8880201578140259
300	350	0.5723217527071635	0.9066666960716248	0.887646496295929	0.8100000023841858	0.8091550469398499
300	360	0.4806360900402069	0.9900000095367432	0.9565852880477905	0.9199999570846558	0.9113160967826843
300	370	0.447463462750117	0.9866666793823242	0.9669411182403564	0.9300000071525574	0.9256430864334106
300	380	0.4364447792371114	0.9933333396911621	0.9780241250991821	0.9199999570846558	0.9072803854942322
300	390	0.42260592182477313	0.996666669845581	0.9857032299041748	0.9300000071525574	0.9246175289154053
300	400	0.4094407558441162	1.0	0.9905383586883545	0.9300000071525574	0.9281786680221558
300	410	0.4014556407928467	1.0	0.9923737049102783	0.9399999976158142	0.9290725588798523
300	420	0.5051902929941813	0.9500000476837158	0.9406651854515076	0.8899999856948853	0.8651430606842041
300	430	0.8353347579638163	0.746666669845581	0.6918618083000183	0.8199999928474426	0.727701723575592
300	440	0.6579229036966959	0.8833333253860474	0.817693829536438	0.8799999952316284	0.8062460422515869
300	450	0.48954691489537555	0.9600000381469727	0.9182080030441284	0.8899999856948853	0.8589246869087219
300	460	0.4470836619536082	0.9733333587646484	0.9506433606147766	0.9199999570846558	0.8971471786499023
300	470	0.42928149302800495	0.9866666793823242	0.9672078490257263	0.9300000071525574	0.9167047142982483
300	480	0.4397650559743245	0.9800000190734863	0.9589274525642395	0.949999988079071	0.9306834936141968
300	490	0.45382046699523926	0.9700000286102295	0.9569104313850403	0.9799999594688416	0.9630584716796875
300	500	0.45019736886024475	0.9766666889190674	0.9654814004898071	0.9699999690055847	0.9485202431678772
300	510	0.47031580408414203	0.9766666889190674	0.9475321769714355	0.9300000071525574	0.9113386869430542
300	520	0.4095054765542348	0.996666669845581	0.981820821762085	0.9799999594688416	0.9610162377357483
300	530	0.3829519251982371	1.0	0.9942291378974915	0.9799999594688416	0.9726694226264954
300	540	0.37706661224365234	1.0	0.9955967664718628	0.9699999690055847	0.9545645117759705
300	550	0.43145042657852173	0.9866666793823242	0.980495810508728	0.9599999785423279	0.9422206878662109
300	560	0.40501601497332257	0.9900000095367432	0.9820350408554077	0.9799999594688416	0.9702015519142151
300	570	0.3842722276846568	0.9933333396911621	0.9884890913963318	0.9599999785423279	0.959153950214386
300	580	0.3673385679721832	1.0	0.9961259961128235	0.9599999785423279	0.95262610912323
300	590	0.36162883043289185	1.0	0.9967845678329468	0.9599999785423279	0.9569730758666992
300	600	0.3580003082752228	1.0	0.9973459839820862	0.9699999690055847	0.9594908952713013
300	610	0.35466014345486957	1.0	0.9975017309188843	0.9699999690055847	0.9627947807312012
300	620	0.3515116175015767	1.0	0.9977115392684937	0.9699999690055847	0.96221923828125
300	630	0.3514522810777028	1.0	0.9979734420776367	0.9599999785423279	0.9589434862136841
300	640	0.5571616093317667	0.9566667079925537	0.9462206363677979	0.8499999642372131	0.8487122654914856
300	650	0.5915527741114298	0.9333333373069763	0.9073284864425659	0.8999999761581421	0.8690246343612671
300	660	0.41927740971247357	0.9666666984558105	0.9576617479324341	0.9599999785423279	0.931412935256958
300	670	0.3793904483318329	1.0	0.9872918725013733	0.9699999690055847	0.9599636793136597
300	680	0.36527400215466815	1.0	0.9949514269828796	0.9599999785423279	0.952494204044342
300	690	0.3717763423919678	0.9933333396911621	0.9905316233634949	0.9599999785423279	0.9549239277839661
300	700	0.4096556107203166	0.9866666793823242	0.9822420477867126	0.949999988079071	0.9550109505653381
300	710	0.3930147886276245	0.996666669845581	0.9889312982559204	0.9799999594688416	0.9634050726890564
300	720	0.3612061341603597	1.0	0.995926558971405	0.9699999690055847	0.9574458003044128
300	730	0.35306597749392193	1.0	0.996623158454895	0.9699999690055847	0.9669181704521179
300	740	0.3489723602930705	1.0	0.9968288540840149	0.9699999690055847	0.9662510752677917
300	750	0.3466852804025014	1.0	0.9972878098487854	0.9699999690055847	0.9657956957817078
300	760	0.3437357743581136	1.0	0.9976005554199219	0.9699999690055847	0.9637342095375061
300	770	0.34170157710711163	1.0	0.997689425945282	0.9599999785423279	0.9522950649261475
300	780	0.3396282692750295	1.0	0.9980742335319519	0.9799999594688416	0.9700080156326294
300	790	0.33786754806836444	1.0	0.9982375502586365	0.9699999690055847	0.9640167951583862
300	800	0.3601704736550649	0.996666669845581	0.9931755065917969	0.9799999594688416	0.9776015281677246
300	810	0.44992440938949585	0.9633333683013916	0.9311689734458923	0.9599999785423279	0.9161159992218018
300	820	0.3855517903963725	0.9800000190734863	0.9638962745666504	0.9599999785423279	0.9359294772148132
300	830	0.35514581203460693	0.996666669845581	0.9919657707214355	0.9799999594688416	0.968723714351654
300	840	0.34544546405474347	1.0	0.9965035319328308	0.9799999594688416	0.9739585518836975
300	850	0.339548001686732	1.0	0.997179388999939	0.9899999499320984	0.9834372401237488
300	860	0.33790144324302673	1.0	0.9965049624443054	0.9799999594688416	0.9794067144393921
300	870	0.3348605235417684	1.0	0.9978808760643005	0.9799999594688416	0.9756599068641663
300	880	0.3340614140033722	1.0	0.9979907274246216	0.9799999594688416	0.979145348072052
300	890	0.3312463363011678	1.0	0.9982534050941467	0.9799999594688416	0.9762102961540222
300	900	0.3296220600605011	1.0	0.9984457492828369	0.9799999594688416	0.9774227738380432
300	910	0.32871608932813007	1.0	0.9982602000236511	0.9799999594688416	0.9779906868934631
300	920	0.3295767307281494	1.0	0.9980505704879761	0.9899999499320984	0.9850912094116211
300	930	0.3274873395760854	1.0	0.9987049698829651	0.9799999594688416	0.9716638922691345
300	940	0.32689881324768066	1.0	0.9987964034080505	0.9899999499320984	0.9805025458335876
300	950	0.3259241580963135	1.0	0.9988253116607666	0.9899999499320984	0.9852288365364075
300	960	0.32778499523798627	1.0	0.9989529848098755	0.9799999594688416	0.9803162813186646
300	970	0.3238163888454437	1.0	0.9989450573921204	0.9799999594688416	0.981013298034668
300	980	0.43044434984525043	0.9866666793823242	0.9831873774528503	0.949999988079071	0.9408340454101562
300	990	0.46545453866322833	0.9866666793823242	0.9767986536026001	0.9799999594688416	0.9765085577964783
300	1000	0.3543582061926524	0.996666669845581	0.9930891990661621	0.9899999499320984	0.9834579229354858
400	0	2.083112120628357	0.2849999964237213	0.13421551883220673	0.25	0.11427615582942963
400	10	1.603048413991928	0.2474999874830246	0.22738505899906158	0.25	0.2306765764951706
400	20	1.5014614760875702	0.26499998569488525	0.25264713168144226	0.25999999046325684	0.25265398621559143
400	30	1.3086991608142853	0.4899999797344208	0.35275697708129883	0.3999999761581421	0.3232589364051819
400	40	1.1803265810012817	0.5224999785423279	0.40633833408355713	0.41999998688697815	0.36375632882118225
400	50	1.135615885257721	0.5099999904632568	0.4480995833873749	0.4699999988079071	0.39771032333374023
400	60	1.0630024373531342	0.550000011920929	0.45983970165252686	0.47999998927116394	0.41239458322525024
400	70	1.097791314125061	0.5450000166893005	0.4621325433254242	0.4599999785423279	0.3976824879646301
400	80	1.0530097931623459	0.5475000143051147	0.4679202139377594	0.47999998927116394	0.43291419744491577
400	90	0.9883274435997009	0.6225000023841858	0.5159817337989807	0.47999998927116394	0.4519541561603546
400	100	0.9463348835706711	0.6599999666213989	0.5655996799468994	0.5099999904632568	0.4664030969142914
400	110	0.9810198098421097	0.5824999809265137	0.4866895079612732	0.5299999713897705	0.455681174993515
400	120	0.8679170310497284	0.7174999713897705	0.5906512141227722	0.6599999666213989	0.5443390607833862
400	130	0.8025029748678207	0.7799999713897705	0.643165111541748	0.6800000071525574	0.5876840353012085
400	140	0.7717186659574509	0.7674999833106995	0.6515100598335266	0.6800000071525574	0.5828750133514404
400	150	0.7218843698501587	0.8125	0.7167771458625793	0.6699999570846558	0.611089289188385
400	160	0.6839701533317566	0.8449999690055847	0.7563343644142151	0.7599999904632568	0.6822041273117065
400	170	0.6752975583076477	0.8549999594688416	0.7726429104804993	0.7299999594688416	0.6886013746261597
400	180	0.6129858642816544	0.8924999833106995	0.829188346862793	0.7699999809265137	0.721511960029602
400	190	0.5928617715835571	0.9024999737739563	0.8504751324653625	0.7999999523162842	0.750832736492157
400	200	0.6732971221208572	0.85999995470047	0.8168683648109436	0.7400000095367432	0.7138093113899231
400	210	0.6183949857950211	0.8799999952316284	0.8157772421836853	0.7400000095367432	0.6827932596206665
400	220	0.5073526352643967	0.9624999761581421	0.9236448407173157	0.8399999737739563	0.8218081593513489
400	230	0.508901983499527	0.949999988079071	0.9225121736526489	0.8799999952316284	0.852833092212677
400	240	0.5889290869235992	0.8999999761581421	0.8684614896774292	0.8100000023841858	0.784644603729248
400	250	0.5824334621429443	0.9124999642372131	0.8752297759056091	0.8399999737739563	0.8317837119102478
400	260	0.4752093181014061	0.9724999666213989	0.9438174366950989	0.8999999761581421	0.8672033548355103
400	270	0.45694076269865036	0.9774999618530273	0.9610520601272583	0.9099999666213989	0.8818204998970032
400	280	0.42404989153146744	0.9874999523162842	0.9749293923377991	0.9099999666213989	0.8880093097686768
400	290	0.63744156062603	0.9074999690055847	0.871509313583374	0.8399999737739563	0.8116180896759033
400	300	0.49167996644973755	0.9649999737739563	0.9436085224151611	0.9099999666213989	0.8818632364273071
400	310	0.43829332292079926	0.9774999618530273	0.9648719429969788	0.9099999666213989	0.87798672914505
400	320	0.4174649566411972	0.9899999499320984	0.9770991206169128	0.9099999666213989	0.9039685130119324
400	330	0.4037209376692772	0.9899999499320984	0.9827837944030762	0.9099999666213989	0.8876203894615173
400	340	0.4033597409725189	0.98499995470047	0.9804299473762512	0.8899999856948853	0.8805709481239319
400	350	0.6816028505563736	0.8324999809265137	0.7944939732551575	0.7299999594688416	0.6954938173294067
400	360	0.4897123873233795	0.949999988079071	0.9230210781097412	0.8499999642372131	0.8389887809753418
400	370	0.43539220839738846	0.98499995470047	0.9698836803436279	0.9099999666213989	0.8929555416107178
400	380	0.41101154685020447	0.9899999499320984	0.9811865091323853	0.8899999856948853	0.8837329149246216
400	390	0.40417518466711044	0.9874999523162842	0.9793330430984497	0.8799999952316284	0.8752998113632202
400	400	0.46605536341667175	0.9549999833106995	0.940376877784729	0.9300000071525574	0.8851425647735596
400	410	0.4094404876232147	0.9899999499320984	0.9791695475578308	0.8700000047683716	0.8659087419509888
400	420	0.3863733485341072	0.9925000071525574	0.9873736500740051	0.8799999952316284	0.8767226934432983
400	430	0.3782747685909271	0.9950000047683716	0.9890105724334717	0.8799999952316284	0.8792280554771423
400	440	0.3794083446264267	0.9950000047683716	0.9897511601448059	0.8899999856948853	0.8823333382606506
400	450	0.42198923975229263	0.9749999642372131	0.9663018584251404	0.85999995470047	0.8651456236839294
400	460	0.475116603076458	0.9624999761581421	0.9429644346237183	0.9199999570846558	0.879076361656189
400	470	0.38979458808898926	0.9950000047683716	0.9836763739585876	0.9099999666213989	0.8995850682258606
400	480	0.37512674182653427	0.9950000047683716	0.9910398125648499	0.8999999761581421	0.8886727094650269
400	490	0.36766405403614044	0.9975000023841858	0.9926186800003052	0.85999995470047	0.8669312596321106
400	500	0.4059324264526367	0.98499995470047	0.9711081981658936	0.9199999570846558	0.9086383581161499
400	510	0.47123751789331436	0.9649999737739563	0.945499837398529	0.8499999642372131	0.8480280041694641
400	520	0.4286167100071907	0.9774999618530273	0.9644688367843628	0.9099999666213989	0.8973500728607178
400	530	0.3663337230682373	0.9975000023841858	0.9920461773872375	0.949999988079071	0.9395384192466736
400	540	0.35643142461776733	1.0	0.9958308339118958	0.9099999666213989	0.9146478772163391
400	550	0.35288265347480774	1.0	0.9969367980957031	0.9199999570846558	0.9157830476760864
400	560	0.34918999671936035	1.0	0.9975260496139526	0.9300000071525574	0.9204451441764832
400	570	0.35328035056591034	1.0	0.9975728988647461	0.9300000071525574	0.9311349391937256
400	580	0.3443621024489403	1.0	0.998399555683136	0.9199999570846558	0.9165412783622742
400	590	0.3412623703479767	1.0	0.9988709688186646	0.9099999666213989	0.9079186916351318
400	600	0.3391282930970192	1.0	0.9989321827888489	0.9099999666213989	0.9051977396011353
400	610	0.33698295801877975	1.0	0.9989749789237976	0.8999999761581421	0.9031910300254822
400	620	0.5978812426328659	0.8774999976158142	0.8586999177932739	0.8499999642372131	0.820283055305481
400	630	0.529007226228714	0.9350000023841858	0.9025083184242249	0.8799999952316284	0.830509603023529
400	640	0.45373134315013885	0.9674999713897705	0.948443591594696	0.9300000071525574	0.915004551410675
400	650	0.38183343410491943	0.9950000047683716	0.9840829968452454	0.9199999570846558	0.9087931513786316
400	660	0.361233189702034	1.0	0.9910382032394409	0.9300000071525574	0.9206278920173645
400	670	0.3513442203402519	1.0	0.9958781003952026	0.9199999570846558	0.923668622970581
400	680	0.34663159400224686	1.0	0.9965020418167114	0.9099999666213989	0.909379243850708
400	690	0.34299417585134506	1.0	0.9975115656852722	0.9099999666213989	0.9093095064163208
400	700	0.3401161879301071	1.0	0.9979125261306763	0.8999999761581421	0.9063622951507568
400	710	0.3391362354159355	1.0	0.9961649775505066	0.9300000071525574	0.9189835786819458
400	720	0.8451035469770432	0.7949999570846558	0.7692463994026184	0.6699999570846558	0.6532583236694336
400	730	0.41736461222171783	0.9824999570846558	0.9655911326408386	0.8299999833106995	0.8253889083862305
400	740	0.48937343060970306	0.9624999761581421	0.944139301776886	0.8999999761581421	0.8913905620574951
400	750	0.3797996863722801	0.9950000047683716	0.9845537543296814	0.8999999761581421	0.8844721913337708
400	760	0.35622380673885345	1.0	0.9939677119255066	0.8799999952316284	0.8794096112251282
400	770	0.3484390005469322	1.0	0.9966674447059631	0.8899999856948853	0.8855453133583069
400	780	0.3448987305164337	1.0	0.997177004814148	0.8799999952316284	0.8788111209869385
400	790	0.3426917716860771	1.0	0.9975202679634094	0.8899999856948853	0.8843235373497009
400	800	0.3413873612880707	1.0	0.9979640245437622	0.8799999952316284	0.8786084651947021
400	810	0.3366413861513138	1.0	0.998033344745636	0.8799999952316284	0.8789622187614441
400	820	0.3343644067645073	1.0	0.9983779788017273	0.8799999952316284	0.8798306584358215
400	830	0.33258576691150665	1.0	0.99856036901474	0.8899999856948853	0.8891484141349792
400	840	0.33113618940114975	1.0	0.9986813068389893	0.8999999761581421	0.898087739944458
400	850	0.8903842270374298	0.8574999570846558	0.8427925109863281	0.8499999642372131	0.8390070199966431
400	860	0.5326492488384247	0.9249999523162842	0.8921496272087097	0.7899999618530273	0.778698742389679
400	870	0.42210330814123154	0.9699999690055847	0.957845151424408	0.8799999952316284	0.8798415660858154
400	880	0.3619166314601898	1.0	0.9957101345062256	0.9300000071525574	0.9299061894416809
400	890	0.3497067466378212	1.0	0.9969053268432617	0.9399999976158142	0.9321523904800415
400	900	0.34342794120311737	1.0	0.9972853064537048	0.9199999570846558	0.9231927394866943
400	910	0.3386724591255188	1.0	0.9981159567832947	0.9300000071525574	0.9233687520027161
400	920	0.3362278491258621	1.0	0.9982510805130005	0.9300000071525574	0.930343508720398
400	930	0.3337746784090996	1.0	0.9985899329185486	0.9300000071525574	0.927335798740387
400	940	0.3320240154862404	1.0	0.998698890209198	0.9199999570846558	0.9185475707054138
400	950	0.3301762491464615	1.0	0.9989237785339355	0.9300000071525574	0.9195206761360168
400	960	0.32931265234947205	1.0	0.999042809009552	0.9300000071525574	0.9293801188468933
400	970	0.3279969245195389	1.0	0.9991207122802734	0.9399999976158142	0.9356681704521179
400	980	0.3273208439350128	1.0	0.9991174340248108	0.9399999976158142	0.9298725724220276
400	990	0.32666441053152084	1.0	0.9992544054985046	0.9300000071525574	0.924587070941925
400	1000	0.3249335214495659	1.0	0.9992672801017761	0.9099999666213989	0.9114446043968201
500	0	2.0571226358413695	0.27000001072883606	0.14060477912425995	0.19999998807907104	0.11962021887302399
500	10	1.5189362049102784	0.3920000195503235	0.26851850748062134	0.25999999046325684	0.2593531608581543
500	20	1.3537134885787965	0.4100000262260437	0.3282366991043091	0.4399999976158142	0.3186624050140381
500	30	1.2610568046569823	0.4540000259876251	0.3646305799484253	0.47999998927116394	0.3505370318889618
500	40	1.1820685625076295	0.49800002574920654	0.40895217657089233	0.5	0.41409727931022644
500	50	1.1608757257461548	0.5100000500679016	0.41696351766586304	0.47999998927116394	0.4048343300819397
500	60	1.0630203247070313	0.5960000157356262	0.47529157996177673	0.5099999904632568	0.4261079728603363
500	70	1.0501847863197327	0.6480000019073486	0.5239818096160889	0.5999999642372131	0.5013502240180969
500	80	1.0189095854759216	0.6020000576972961	0.5274079442024231	0.6200000047683716	0.5336609482765198
500	90	0.8847760081291198	0.7140000462532043	0.5706984400749207	0.6299999952316284	0.5333470106124878
500	100	0.8455627679824829	0.7200000286102295	0.6261943578720093	0.699999988079071	0.6156300902366638
500	110	0.885112726688385	0.7080000042915344	0.6322157382965088	0.6200000047683716	0.5780559182167053
500	120	0.7790677309036255	0.7700000405311584	0.6671507954597473	0.7199999690055847	0.6205465793609619
500	130	0.7574506163597107	0.7920000553131104	0.7202590703964233	0.8399999737739563	0.7448786497116089
500	140	0.621301794052124	0.9100000262260437	0.815114438533783	0.8199999928474426	0.7675448656082153
500	150	0.6168728947639466	0.8600000143051147	0.8128065466880798	0.8499999642372131	0.7971464991569519
500	160	0.5874942064285278	0.9100000262260437	0.8465763330459595	0.8700000047683716	0.8245238065719604
500	170	0.5318737268447876	0.9460000395774841	0.8925621509552002	0.9099999666213989	0.8596643805503845
500	180	0.5820844054222107	0.9100000262260437	0.8654681444168091	0.85999995470047	0.836694598197937
500	190	0.5952919840812683	0.9080000519752502	0.8579791784286499	0.8199999928474426	0.8001383543014526
500	200	0.5644268274307251	0.9120000600814819	0.8592973947525024	0.8899999856948853	0.8506374359130859
500	210	0.4894635438919067	0.9660000205039978	0.9298065900802612	0.9099999666213989	0.8703635334968567
500	220	0.5420673847198486	0.9460000395774841	0.8982803225517273	0.8499999642372131	0.8011308908462524
500	230	0.4794763743877411	0.9700000286102295	0.9392562508583069	0.8999999761581421	0.8768845796585083
500	240	0.44987571239471436	0.9780000448226929	0.9564360976219177	0.949999988079071	0.9093530178070068
500	250	0.4664767265319824	0.968000054359436	0.9453560709953308	0.9399999976158142	0.9005498886108398
500	260	0.42609565854072573	0.9880000352859497	0.9728121161460876	0.949999988079071	0.9185927510261536
500	270	0.477199649810791	0.968000054359436	0.9510754942893982	0.8799999952316284	0.8658728003501892
500	280	0.46454445123672483	0.9760000705718994	0.9512403011322021	0.9699999690055847	0.9264591932296753
500	290	0.4240723133087158	0.9900000691413879	0.972618043422699	0.9699999690055847	0.9389575123786926
500	300	0.5865756273269653	0.9020000696182251	0.8734564781188965	0.8899999856948853	0.8546575903892517
500	310	0.43707037568092344	0.9820000529289246	0.9655280113220215	0.9399999976158142	0.9091296792030334
500	320	0.4095846116542816	0.9860000610351562	0.9740551710128784	0.9300000071525574	0.9120728969573975
500	330	0.39077581763267516	0.9900000691413879	0.9829508066177368	0.9599999785423279	0.9495624303817749
500	340	0.3885429441928864	0.9920000433921814	0.9858440160751343	0.9599999785423279	0.9442704319953918
500	350	0.37837021946907046	0.9940000176429749	0.9860711097717285	0.9599999785423279	0.942401111125946
500	360	0.41151994466781616	0.9860000610351562	0.9780044555664062	0.9799999594688416	0.9546433687210083
500	370	0.4629173755645752	0.9580000638961792	0.9370505213737488	0.949999988079071	0.9087409973144531
500	380	0.3965424060821533	0.9900000691413879	0.9805318117141724	0.9799999594688416	0.9581940770149231
500	390	0.37702812552452086	0.9960000514984131	0.9902476072311401	0.9599999785423279	0.9546955823898315
500	400	0.3704259991645813	0.9980000257492065	0.992792546749115	0.949999988079071	0.9493615627288818
500	410	0.381259685754776	0.9960000514984131	0.9901406764984131	0.9399999976158142	0.9395976066589355
500	420	0.43965514898300173	0.9780000448226929	0.9655327796936035	0.9399999976158142	0.9256078600883484
500	430	0.3735171675682068	0.9980000257492065	0.9892452359199524	0.9399999976158142	0.9334667921066284
500	440	0.35981560349464414	0.9980000257492065	0.9950308203697205	0.949999988079071	0.95787513256073
500	450	0.3552052855491638	0.9980000257492065	0.9959412813186646	0.9699999690055847	0.9669645428657532
500	460	0.37729073166847227	0.9900000691413879	0.9829803705215454	0.9099999666213989	0.9125421643257141
500	470	0.3526780366897583	0.9980000257492065	0.9956863522529602	0.9599999785423279	0.9567558169364929
500	480	0.34796172976493833	0.9980000257492065	0.9962119460105896	0.9699999690055847	0.969959557056427
500	490	0.345516163110733	0.9980000257492065	0.9960986971855164	0.9699999690055847	0.9643682837486267
500	500	0.34833927154541017	1.0	0.9968659281730652	0.9699999690055847	0.9653658270835876
500	510	0.41428965926170347	0.984000027179718	0.9817972779273987	0.9199999570846558	0.9075405597686768
500	520	0.3860312283039093	0.9920000433921814	0.9864006042480469	0.9599999785423279	0.9606642723083496
500	530	0.35941405296325685	0.9980000257492065	0.9950438737869263	0.9599999785423279	0.9595069885253906
500	540	0.3445807933807373	0.9980000257492065	0.997384250164032	0.9799999594688416	0.9754810929298401
500	550	0.3414645254611969	1.0	0.9982711672782898	0.9799999594688416	0.9742568731307983
500	560	0.33628814220428466	1.0	0.999029278755188	0.9799999594688416	0.9768961071968079
500	570	0.33614349365234375	1.0	0.9993447661399841	0.9699999690055847	0.9727456569671631
500	580	0.33314653635025027	1.0	0.9994260668754578	0.9699999690055847	0.9716034531593323
500	590	0.42020696997642515	0.9720000624656677	0.9733380079269409	0.9799999594688416	0.9731252789497375
500	600	0.38025041818618777	0.984000027179718	0.9795383810997009	0.949999988079071	0.9460836052894592
500	610	0.3529945969581604	0.9940000176429749	0.9924529194831848	0.9599999785423279	0.9609271287918091
500	620	0.33558258414268494	1.0	0.9988030195236206	0.9599999785423279	0.9597750902175903
500	630	0.33254569172859194	1.0	0.9992852210998535	0.9599999785423279	0.9586741328239441
500	640	0.32927207350730897	1.0	0.9994370341300964	0.9599999785423279	0.9592182636260986
500	650	0.3368022918701172	1.0	0.9993608593940735	0.949999988079071	0.952250599861145
500	660	0.33134976029396057	1.0	0.9993922114372253	0.9599999785423279	0.9595402479171753
500	670	0.32642104625701907	1.0	0.9995397329330444	0.949999988079071	0.9496791362762451
500	680	0.32646157741546633	1.0	0.9995943903923035	0.9599999785423279	0.9560120701789856
500	690	0.32546424865722656	1.0	0.9991550445556641	0.9599999785423279	0.9573290944099426
500	700	0.5096551835536957	0.968000054359436	0.9645233154296875	0.949999988079071	0.9499865770339966
500	710	0.40549975633621216	0.9860000610351562	0.9836283922195435	0.9399999976158142	0.939476728439331
500	720	0.33898248672485354	0.9960000514984131	0.9956148266792297	0.9599999785423279	0.9590317606925964
500	730	0.3296430349349976	1.0	0.9995316863059998	0.9599999785423279	0.9596548080444336
500	740	0.3289747476577759	1.0	0.9996113777160645	0.9699999690055847	0.9697692394256592
500	750	0.32572037577629087	1.0	0.9996945261955261	0.9699999690055847	0.9696740508079529
500	760	0.324884420633316	1.0	0.9997261762619019	0.9599999785423279	0.9597318172454834
500	770	0.32457903027534485	1.0	0.9996910691261292	0.9699999690055847	0.9711031913757324
500	780	0.3230043351650238	1.0	0.9997682571411133	0.9799999594688416	0.9796502590179443
500	790	0.8757346868515015	0.8460000157356262	0.8329117894172668	0.7799999713897705	0.7649839520454407
500	800	0.47687392830848696	0.956000030040741	0.9482166171073914	0.9399999976158142	0.921579897403717
500	810	0.35622877478599546	0.9960000514984131	0.9916837811470032	0.9899999499320984	0.9766187071800232
500	820	0.4099644958972931	0.9920000433921814	0.9872210025787354	0.9599999785423279	0.9534661769866943
500	830	0.3985677301883698	0.984000027179718	0.9781228303909302	0.9899999499320984	0.9730097651481628
500	840	0.3340566158294678	1.0	0.9990234375	0.9699999690055847	0.96710604429245
500	850	0.3275178253650665	1.0	0.9994586110115051	0.9799999594688416	0.9787899851799011
500	860	0.32641326189041137	1.0	0.9995982050895691	0.9799999594688416	0.9782800078392029
500	870	0.3244763255119324	1.0	0.9996672868728638	0.9799999594688416	0.9786925315856934
500	880	0.3272168040275574	1.0	0.9996948838233948	0.9599999785423279	0.9616517424583435
500	890	0.3227630376815796	1.0	0.9997541308403015	0.9799999594688416	0.9762130379676819
500	900	0.32142789363861085	1.0	0.9997572898864746	0.9799999594688416	0.9772117137908936
500	910	0.32042946815490725	1.0	0.9997851252555847	0.9699999690055847	0.9691969752311707
500	920	0.32043337225914004	1.0	0.9997997879981995	0.9699999690055847	0.969031572341919
500	930	0.3224208474159241	1.0	0.9996798038482666	0.9799999594688416	0.979164719581604
500	940	0.32025374174118043	1.0	0.9997900724411011	0.9699999690055847	0.9649738669395447
500	950	0.31982824206352234	1.0	0.9997269511222839	0.9799999594688416	0.9774132966995239
500	960	0.3205091178417206	1.0	0.9998056292533875	0.9799999594688416	0.9774366021156311
500	970	0.320536857843399	1.0	0.9997765421867371	0.9699999690055847	0.9689451456069946
500	980	0.31849145889282227	1.0	0.9998346567153931	0.9799999594688416	0.9801256060600281
500	990	0.6218920886516571	0.9160000681877136	0.8960645198822021	0.9199999570846558	0.9228144884109497
500	1000	0.37101479172706603	0.9940000176429749	0.9892903566360474	0.9599999785423279	0.9642621874809265
