train_size	epoch	loss	accuracy	probability
25	0	2.3010663986206055	0.0	0.10533983260393143
25	10	1.758725881576538	0.22999998927116394	0.18843765556812286
25	20	1.5786311626434326	0.22999998927116394	0.21305173635482788
25	30	1.4713174104690552	0.26999998092651367	0.25264281034469604
25	40	1.3666719198226929	0.32999998331069946	0.2837561070919037
25	50	1.2990789413452148	0.3199999928474426	0.2832680940628052
25	60	1.2707467079162598	0.28999999165534973	0.2692958116531372
25	70	1.1980570554733276	0.2199999988079071	0.2692868709564209
25	80	1.4315506219863892	0.26999998092651367	0.26758673787117004
25	90	1.154937744140625	0.25999999046325684	0.2813444137573242
25	100	1.1274064779281616	0.3199999928474426	0.28176024556159973
25	110	1.089843988418579	0.26999998092651367	0.28487899899482727
25	120	1.0542736053466797	0.28999999165534973	0.2880670726299286
25	130	1.0274287462234497	0.25999999046325684	0.2802487015724182
25	140	1.0446484088897705	0.3100000023841858	0.2964063882827759
25	150	1.028491497039795	0.3400000035762787	0.29146432876586914
25	160	0.9918292760848999	0.32999998331069946	0.3078409731388092
25	170	0.965471625328064	0.28999999165534973	0.3033401072025299
25	180	0.9394424557685852	0.29999998211860657	0.31192895770072937
25	190	0.9577520489692688	0.3100000023841858	0.3227270543575287
25	200	1.0514906644821167	0.3100000023841858	0.32026228308677673
25	210	0.990465521812439	0.29999998211860657	0.2965928316116333
25	220	0.947429895401001	0.3100000023841858	0.3002755641937256
25	230	0.9133632779121399	0.29999998211860657	0.32132378220558167
25	240	0.9139013886451721	0.25	0.3009469509124756
25	250	0.8288559913635254	0.2800000011920929	0.304274320602417
25	260	0.7840816974639893	0.2800000011920929	0.31280243396759033
25	270	0.751380980014801	0.2800000011920929	0.3193233907222748
25	280	0.724506676197052	0.26999998092651367	0.3121115565299988
25	290	0.6961277723312378	0.28999999165534973	0.3165473937988281
25	300	0.6693825721740723	0.3100000023841858	0.3202860951423645
25	310	0.6519445180892944	0.3400000035762787	0.3304969072341919
25	320	0.6365138292312622	0.3799999952316284	0.33965933322906494
25	330	0.6089990139007568	0.3700000047683716	0.3363637328147888
25	340	0.5919105410575867	0.3400000035762787	0.3364377021789551
25	350	0.5732458233833313	0.35999998450279236	0.3363795280456543
25	360	0.5554743409156799	0.3499999940395355	0.3476193845272064
25	370	0.8105441927909851	0.3499999940395355	0.35795488953590393
25	380	1.0568677186965942	0.4399999976158142	0.3495861291885376
25	390	0.9584513902664185	0.32999998331069946	0.3284696042537689
25	400	0.9960899949073792	0.32999998331069946	0.32571280002593994
25	410	0.9310223460197449	0.3499999940395355	0.34963661432266235
25	420	0.8732000589370728	0.3400000035762787	0.3385769724845886
25	430	1.0771679878234863	0.25999999046325684	0.2997529208660126
25	440	0.971943736076355	0.3400000035762787	0.3530360460281372
25	450	1.0030897855758667	0.3400000035762787	0.3597121238708496
25	460	0.9982308149337769	0.3400000035762787	0.3141048848628998
25	470	0.915286123752594	0.2800000011920929	0.31473568081855774
25	480	0.8808937072753906	0.3100000023841858	0.3183303475379944
25	490	0.8129885196685791	0.3199999928474426	0.31734099984169006
25	500	0.7832731008529663	0.3100000023841858	0.3266879916191101
25	510	0.7530604600906372	0.3199999928474426	0.3337540626525879
25	520	0.731993556022644	0.3199999928474426	0.3422228991985321
25	530	0.712139904499054	0.28999999165534973	0.32460448145866394
25	540	0.6904149055480957	0.3100000023841858	0.3314107358455658
25	550	0.670647144317627	0.35999998450279236	0.34499049186706543
25	560	0.6524894833564758	0.3499999940395355	0.34773483872413635
25	570	0.637397289276123	0.35999998450279236	0.3514094054698944
25	580	0.6232520341873169	0.3700000047683716	0.3554244935512543
25	590	0.6098024845123291	0.3799999952316284	0.35929691791534424
25	600	0.5975843071937561	0.38999998569488525	0.36012405157089233
25	610	0.5863807797431946	0.3999999761581421	0.3542329967021942
25	620	0.5760807991027832	0.3999999761581421	0.35476914048194885
25	630	0.565578281879425	0.3999999761581421	0.3565860986709595
25	640	0.5525302290916443	0.38999998569488525	0.3613871932029724
25	650	0.539349377155304	0.3799999952316284	0.352394700050354
25	660	0.5283770561218262	0.3799999952316284	0.35924819111824036
25	670	0.6228817701339722	0.38999998569488525	0.3640853762626648
25	680	1.4822229146957397	0.3499999940395355	0.3244214653968811
25	690	1.4939017295837402	0.22999998927116394	0.24200381338596344
25	700	1.2779338359832764	0.23999999463558197	0.25639209151268005
25	710	1.1594841480255127	0.35999998450279236	0.3348162770271301
25	720	1.0628910064697266	0.32999998331069946	0.3223704695701599
25	730	0.999614417552948	0.35999998450279236	0.3235217332839966
25	740	1.0519641637802124	0.32999998331069946	0.30745360255241394
25	750	0.9802624583244324	0.3100000023841858	0.3125411868095398
25	760	0.8906455039978027	0.38999998569488525	0.36297211050987244
25	770	0.8501079678535461	0.38999998569488525	0.37549856305122375
25	780	0.7850279808044434	0.44999998807907104	0.3974913954734802
25	790	0.7611721158027649	0.44999998807907104	0.41685566306114197
25	800	0.8349641561508179	0.4399999976158142	0.4205281734466553
25	810	1.026841163635254	0.4399999976158142	0.3970312476158142
25	820	0.9757499694824219	0.35999998450279236	0.3572162985801697
25	830	0.8863904476165771	0.44999998807907104	0.39603209495544434
25	840	0.9267677068710327	0.47999998927116394	0.4156336188316345
25	850	0.7939673066139221	0.429999977350235	0.3901269733905792
25	860	0.7060694694519043	0.4599999785423279	0.41433975100517273
25	870	0.675455629825592	0.5399999618530273	0.4602317810058594
25	880	0.6642253994941711	0.4899999797344208	0.45667269825935364
25	890	0.8836753964424133	0.44999998807907104	0.4358864426612854
25	900	0.7186743021011353	0.429999977350235	0.39595717191696167
25	910	0.660958468914032	0.5199999809265137	0.4714932441711426
25	920	0.6679291725158691	0.4599999785423279	0.43543562293052673
25	930	0.6327326893806458	0.5099999904632568	0.45340555906295776
25	940	0.6181384325027466	0.5399999618530273	0.4912829101085663
25	950	0.5584652423858643	0.429999977350235	0.4296088218688965
25	960	0.5242831110954285	0.41999998688697815	0.435442715883255
25	970	0.5017914772033691	0.4599999785423279	0.44869115948677063
25	980	0.4851710796356201	0.4699999988079071	0.46009597182273865
25	990	0.5242112874984741	0.5099999904632568	0.49247127771377563
25	1000	1.317966103553772	0.5	0.4763745665550232
50	0	2.1938352584838867	0.26999998092651367	0.11658980697393417
50	10	1.7706800699234009	0.26999998092651367	0.20960620045661926
50	20	1.6456059217453003	0.28999999165534973	0.23321494460105896
50	30	1.5971568822860718	0.3499999940395355	0.24037711322307587
50	40	1.5728763341903687	0.3499999940395355	0.24642062187194824
50	50	1.5580129623413086	0.26999998092651367	0.250302255153656
50	60	1.5566514730453491	0.3499999940395355	0.2454429566860199
50	70	1.5453375577926636	0.26999998092651367	0.2459455281496048
50	80	1.5377440452575684	0.26999998092651367	0.24686793982982635
50	90	1.5217524766921997	0.26999998092651367	0.2554604113101959
50	100	1.4985874891281128	0.26999998092651367	0.2681714594364166
50	110	1.4771182537078857	0.26999998092651367	0.2553582191467285
50	120	1.4687352180480957	0.3400000035762787	0.26155802607536316
50	130	1.446753740310669	0.3499999940395355	0.26352691650390625
50	140	1.4297816753387451	0.3499999940395355	0.2646322250366211
50	150	1.417014479637146	0.26999998092651367	0.2634980082511902
50	160	1.414972186088562	0.35999998450279236	0.2683657109737396
50	170	1.406089425086975	0.3499999940395355	0.2646164298057556
50	180	1.3995894193649292	0.3499999940395355	0.2667328119277954
50	190	1.3923649787902832	0.3700000047683716	0.2654169797897339
50	200	1.3951165676116943	0.3400000035762787	0.2751760184764862
50	210	1.3884145021438599	0.3499999940395355	0.2690225839614868
50	220	1.381869912147522	0.3499999940395355	0.2660219967365265
50	230	1.3709874153137207	0.3999999761581421	0.27343153953552246
50	240	1.368761420249939	0.3199999928474426	0.26640889048576355
50	250	1.362941026687622	0.3100000023841858	0.26705658435821533
50	260	1.3369147777557373	0.41999998688697815	0.2859923243522644
50	270	1.3198210000991821	0.429999977350235	0.28952011466026306
50	280	1.2880005836486816	0.5099999904632568	0.3171040713787079
50	290	1.276923418045044	0.5099999904632568	0.3237875699996948
50	300	1.243080496788025	0.4699999988079071	0.349013090133667
50	310	1.2021441459655762	0.4699999988079071	0.3534383177757263
50	320	1.329562783241272	0.4699999988079071	0.38033026456832886
50	330	1.221124529838562	0.4899999797344208	0.3634761869907379
50	340	1.1803804636001587	0.4599999785423279	0.3530921936035156
50	350	1.1634217500686646	0.47999998927116394	0.3729020655155182
50	360	1.1553460359573364	0.5	0.3882492482662201
50	370	1.1346118450164795	0.5099999904632568	0.4059714376926422
50	380	1.1797170639038086	0.5	0.39900997281074524
50	390	1.119875192642212	0.5199999809265137	0.38844960927963257
50	400	1.1074490547180176	0.5	0.39538344740867615
50	410	1.089112639427185	0.47999998927116394	0.4046472907066345
50	420	1.1686280965805054	0.4899999797344208	0.39015892148017883
50	430	1.1775237321853638	0.5	0.40943601727485657
50	440	1.1339902877807617	0.5299999713897705	0.4213804006576538
50	450	1.1179498434066772	0.5199999809265137	0.4194897413253784
50	460	1.1303350925445557	0.5	0.4021313488483429
50	470	1.1060295104980469	0.5099999904632568	0.3938983380794525
50	480	1.0921117067337036	0.5099999904632568	0.4091393053531647
50	490	1.058577299118042	0.5	0.40663284063339233
50	500	1.0431580543518066	0.5600000023841858	0.4339447617530823
50	510	1.3651069402694702	0.35999998450279236	0.31137168407440186
50	520	1.3640345335006714	0.26999998092651367	0.2663402557373047
50	530	1.3568936586380005	0.3499999940395355	0.2745247185230255
50	540	1.3134863376617432	0.5399999618530273	0.2882065773010254
50	550	1.2873542308807373	0.5399999618530273	0.3175026476383209
50	560	1.2541413307189941	0.5199999809265137	0.32535624504089355
50	570	1.2405352592468262	0.5299999713897705	0.33114439249038696
50	580	1.2193729877471924	0.5	0.34139835834503174
50	590	1.204443097114563	0.5299999713897705	0.3447820246219635
50	600	1.1901676654815674	0.5099999904632568	0.3475748300552368
50	610	1.167314887046814	0.47999998927116394	0.34583866596221924
50	620	1.1516482830047607	0.4899999797344208	0.3498494625091553
50	630	1.1419594287872314	0.4899999797344208	0.3519337475299835
50	640	1.1329177618026733	0.4699999988079071	0.3535822927951813
50	650	1.1243925094604492	0.4899999797344208	0.35732534527778625
50	660	1.1151560544967651	0.47999998927116394	0.35965093970298767
50	670	1.1019219160079956	0.5	0.3721449077129364
50	680	1.1034419536590576	0.5	0.3711463212966919
50	690	1.097713589668274	0.4699999988079071	0.36074286699295044
50	700	1.1155331134796143	0.44999998807907104	0.35733991861343384
50	710	1.2196892499923706	0.5399999618530273	0.3590346872806549
50	720	1.1710388660430908	0.5	0.42423591017723083
50	730	1.1396831274032593	0.4899999797344208	0.38713130354881287
50	740	1.0968743562698364	0.5399999618530273	0.4153381884098053
50	750	1.6020143032073975	0.2800000011920929	0.2403125911951065
50	760	1.3768572807312012	0.4099999964237213	0.31984394788742065
50	770	1.2932542562484741	0.5	0.29425135254859924
50	780	1.2198532819747925	0.4699999988079071	0.34923887252807617
50	790	2.55594801902771	0.26999998092651367	0.2663381099700928
50	800	1.3504431247711182	0.5600000023841858	0.3093639612197876
50	810	1.3258188962936401	0.5299999713897705	0.33573877811431885
50	820	1.2727651596069336	0.5299999713897705	0.34465739130973816
50	830	1.246456503868103	0.5099999904632568	0.33250296115875244
50	840	1.2278811931610107	0.5099999904632568	0.34139174222946167
50	850	1.2105929851531982	0.5099999904632568	0.34754249453544617
50	860	1.1998616456985474	0.5399999618530273	0.36251434683799744
50	870	1.1923331022262573	0.5399999618530273	0.3627716600894928
50	880	1.1761763095855713	0.5199999809265137	0.37809276580810547
50	890	1.1796427965164185	0.5399999618530273	0.37369227409362793
50	900	1.1489382982254028	0.5399999618530273	0.3831222951412201
50	910	1.1432093381881714	0.5	0.39996761083602905
50	920	1.135827660560608	0.550000011920929	0.39227721095085144
50	930	1.115276575088501	0.5099999904632568	0.41087496280670166
50	940	1.172054648399353	0.5399999618530273	0.41661006212234497
50	950	1.1073508262634277	0.5299999713897705	0.40932178497314453
50	960	1.1189900636672974	0.5399999618530273	0.42347800731658936
50	970	1.110284686088562	0.5799999833106995	0.4273649752140045
50	980	1.1254738569259644	0.5699999928474426	0.43037816882133484
50	990	1.0591331720352173	0.5699999928474426	0.4304114580154419
50	1000	1.2010033130645752	0.5199999809265137	0.35852017998695374
100	0	2.162153482437134	0.17000000178813934	0.11696863919496536
100	10	1.7889883518218994	0.17000000178813934	0.18783286213874817
100	20	1.6311901807785034	0.32999998331069946	0.2262749820947647
100	30	1.5761113166809082	0.32999998331069946	0.24010954797267914
100	40	1.5257525444030762	0.25	0.24326549470424652
100	50	1.4905585050582886	0.32999998331069946	0.2451438456773758
100	60	1.468276858329773	0.29999998211860657	0.24872182309627533
100	70	1.4537131786346436	0.32999998331069946	0.25090649724006653
100	80	1.4410282373428345	0.32999998331069946	0.2505510449409485
100	90	1.4306448698043823	0.32999998331069946	0.2535489499568939
100	100	1.4219802618026733	0.32999998331069946	0.2538841664791107
100	110	1.413924217224121	0.32999998331069946	0.2536212205886841
100	120	1.4057273864746094	0.32999998331069946	0.2542697489261627
100	130	1.3969730138778687	0.32999998331069946	0.25539031624794006
100	140	1.388916015625	0.32999998331069946	0.2569013237953186
100	150	1.3790805339813232	0.3999999761581421	0.2585945725440979
100	160	1.3612045049667358	0.4099999964237213	0.2673637866973877
100	170	1.3503408432006836	0.3799999952316284	0.29900115728378296
100	180	1.3996738195419312	0.3400000035762787	0.253092497587204
100	190	1.3935884237289429	0.25	0.2532767951488495
100	200	1.3705743551254272	0.32999998331069946	0.25680479407310486
100	210	1.3614263534545898	0.29999998211860657	0.2555311918258667
100	220	1.3524328470230103	0.3499999940395355	0.2595597803592682
100	230	1.3332953453063965	0.3700000047683716	0.2670256793498993
100	240	1.3135359287261963	0.3400000035762787	0.2728338837623596
100	250	1.293429970741272	0.3499999940395355	0.278205931186676
100	260	1.2757489681243896	0.3400000035762787	0.28028604388237
100	270	1.2649222612380981	0.3799999952316284	0.29632091522216797
100	280	1.2528432607650757	0.3199999928474426	0.2850787341594696
100	290	1.2294297218322754	0.4399999976158142	0.3169419765472412
100	300	1.2222801446914673	0.4099999964237213	0.3080713748931885
100	310	1.1945445537567139	0.4399999976158142	0.3254219889640808
100	320	1.1525040864944458	0.5099999904632568	0.3466418385505676
100	330	1.3009546995162964	0.2800000011920929	0.28072303533554077
100	340	1.169684648513794	0.38999998569488525	0.3172587752342224
100	350	1.1462364196777344	0.4099999964237213	0.3235419690608978
100	360	1.1331442594528198	0.4899999797344208	0.35406944155693054
100	370	1.0903406143188477	0.429999977350235	0.3402869403362274
100	380	1.0745799541473389	0.5099999904632568	0.3702555000782013
100	390	1.0378005504608154	0.4699999988079071	0.3658693730831146
100	400	1.0143569707870483	0.5	0.3811427354812622
100	410	1.0281498432159424	0.4699999988079071	0.3805544972419739
100	420	0.9796739816665649	0.550000011920929	0.4153633415699005
100	430	1.028602123260498	0.4899999797344208	0.40540802478790283
100	440	0.9547955989837646	0.5199999809265137	0.41609886288642883
100	450	0.9089523553848267	0.5	0.42194288969039917
100	460	0.9400416612625122	0.5399999618530273	0.4250224530696869
100	470	0.8756629228591919	0.5199999809265137	0.4546370208263397
100	480	0.861918568611145	0.5399999618530273	0.4553476572036743
100	490	0.8342474102973938	0.5199999809265137	0.45740634202957153
100	500	0.8958421349525452	0.550000011920929	0.4843307435512543
100	510	0.854867696762085	0.5399999618530273	0.4790407121181488
100	520	0.8154544234275818	0.5299999713897705	0.49922335147857666
100	530	0.8458945751190186	0.5099999904632568	0.48013660311698914
100	540	0.8477889895439148	0.5799999833106995	0.4928494095802307
100	550	0.7772736549377441	0.5199999809265137	0.48557883501052856
100	560	0.7604969143867493	0.550000011920929	0.5069301724433899
100	570	0.7580487728118896	0.550000011920929	0.5248275995254517
100	580	0.8673109412193298	0.5999999642372131	0.5576713681221008
100	590	0.796435534954071	0.5699999928474426	0.5188438892364502
100	600	1.030733585357666	0.5699999928474426	0.4827556610107422
100	610	0.9025080800056458	0.5199999809265137	0.5020608305931091
100	620	0.8459804058074951	0.5199999809265137	0.5075163245201111
100	630	0.7938275933265686	0.5699999928474426	0.5103967785835266
100	640	0.7391082048416138	0.5399999618530273	0.5377907156944275
100	650	0.712374210357666	0.5399999618530273	0.5322533845901489
100	660	0.6924667954444885	0.5600000023841858	0.531694769859314
100	670	0.6770077347755432	0.5600000023841858	0.5455152988433838
100	680	0.6676678657531738	0.5699999928474426	0.5573886036872864
100	690	0.6596380472183228	0.5799999833106995	0.555307149887085
100	700	0.6515854001045227	0.5600000023841858	0.5440887808799744
100	710	0.6433947682380676	0.5600000023841858	0.5462951064109802
100	720	0.6362334489822388	0.5899999737739563	0.5530781149864197
100	730	0.6302268505096436	0.5799999833106995	0.5455467700958252
100	740	0.6255983114242554	0.5899999737739563	0.5485563278198242
100	750	0.9077212810516357	0.5899999737739563	0.5703511834144592
100	760	0.7349066138267517	0.5699999928474426	0.5411241054534912
100	770	0.7983916997909546	0.5699999928474426	0.5769457221031189
100	780	0.739969789981842	0.5999999642372131	0.5585422515869141
100	790	0.8005985021591187	0.5099999904632568	0.5071758031845093
100	800	0.7483558058738708	0.5199999809265137	0.5130681395530701
100	810	0.7061750888824463	0.5999999642372131	0.5589666366577148
100	820	0.6696681976318359	0.550000011920929	0.5273948907852173
100	830	0.6471133232116699	0.5699999928474426	0.54282146692276
100	840	0.6169295907020569	0.5699999928474426	0.5506399273872375
100	850	0.604331374168396	0.5899999737739563	0.56498783826828
100	860	0.5875137448310852	0.5899999737739563	0.5580431818962097
100	870	0.5723837018013	0.5799999833106995	0.5602321028709412
100	880	0.5606357455253601	0.5899999737739563	0.5677691698074341
100	890	0.5480860471725464	0.5999999642372131	0.576546311378479
100	900	0.5360617637634277	0.5899999737739563	0.5735350847244263
100	910	0.5272448658943176	0.5999999642372131	0.5829645395278931
100	920	0.9430149793624878	0.4899999797344208	0.49916282296180725
100	930	0.8328450918197632	0.5999999642372131	0.5473299622535706
100	940	0.7762213349342346	0.5	0.5249772667884827
100	950	0.7142168283462524	0.5899999737739563	0.5740383863449097
100	960	0.6759626269340515	0.6299999952316284	0.5874634981155396
100	970	0.7448512315750122	0.6200000047683716	0.5694621205329895
100	980	0.7399231791496277	0.5799999833106995	0.5677956938743591
100	990	0.6833953261375427	0.5999999642372131	0.5924696326255798
100	1000	0.8566301465034485	0.5699999928474426	0.550207793712616
200	0	2.1783127784729004	0.0	0.11129040271043777
200	10	1.6780033707618713	0.29999998211860657	0.2220209836959839
200	20	1.5106773972511292	0.3499999940395355	0.28541359305381775
200	30	1.4280943274497986	0.41999998688697815	0.33895593881607056
200	40	1.4019078016281128	0.4599999785423279	0.3714115023612976
200	50	1.3274723887443542	0.4699999988079071	0.3625451624393463
200	60	1.2841330766677856	0.4699999988079071	0.38411852717399597
200	70	1.2617617845535278	0.4699999988079071	0.3775966167449951
200	80	1.2442927360534668	0.41999998688697815	0.36301490664482117
200	90	1.2250117063522339	0.4699999988079071	0.37693312764167786
200	100	1.1836886405944824	0.5099999904632568	0.4023273289203644
200	110	1.1580568552017212	0.550000011920929	0.3948460817337036
200	120	1.2510947585105896	0.4899999797344208	0.38069769740104675
200	130	1.192753791809082	0.47999998927116394	0.3827134668827057
200	140	1.169007658958435	0.5	0.3967445194721222
200	150	1.154032289981842	0.5	0.38241562247276306
200	160	1.0943006873130798	0.5199999809265137	0.4144107699394226
200	170	1.088419795036316	0.5199999809265137	0.424426406621933
200	180	1.0217092037200928	0.5	0.43110278248786926
200	190	0.9914418160915375	0.5399999618530273	0.4191531240940094
200	200	0.9567907154560089	0.5299999713897705	0.4492320418357849
200	210	0.9019465446472168	0.5399999618530273	0.4731348752975464
200	220	0.8648556172847748	0.5600000023841858	0.4926793575286865
200	230	0.8594776391983032	0.5799999833106995	0.5030123591423035
200	240	0.8744553923606873	0.5399999618530273	0.49679526686668396
200	250	1.1062313914299011	0.550000011920929	0.4147723317146301
200	260	1.0533981323242188	0.5600000023841858	0.4614225924015045
200	270	0.9887074530124664	0.5699999928474426	0.49416884779930115
200	280	0.8768529295921326	0.550000011920929	0.49917706847190857
200	290	0.9036854803562164	0.5699999928474426	0.5106114745140076
200	300	0.8107925355434418	0.5899999737739563	0.5511958003044128
200	310	0.78090038895607	0.6299999952316284	0.574222981929779
200	320	0.7302606701850891	0.6899999976158142	0.5936229825019836
200	330	0.7208256721496582	0.7299999594688416	0.6378206014633179
200	340	0.7781369388103485	0.6299999952316284	0.5835446715354919
200	350	0.6779371201992035	0.6699999570846558	0.634966254234314
200	360	0.6412655413150787	0.7599999904632568	0.651803731918335
200	370	0.5814301669597626	0.7899999618530273	0.7289301753044128
200	380	0.8077433407306671	0.6800000071525574	0.6111494898796082
200	390	0.6822823286056519	0.7699999809265137	0.7095080614089966
200	400	0.9811107516288757	0.5999999642372131	0.5515069365501404
200	410	0.712600588798523	0.6899999976158142	0.6460756063461304
200	420	0.5886324644088745	0.7799999713897705	0.7182125449180603
200	430	0.5594057440757751	0.8299999833106995	0.7627269625663757
200	440	0.6823250949382782	0.699999988079071	0.6711655855178833
200	450	0.5880178511142731	0.7299999594688416	0.6933875679969788
200	460	0.4938305616378784	0.7899999618530273	0.7769618034362793
200	470	0.48344720900058746	0.7999999523162842	0.7824128270149231
200	480	0.5749590396881104	0.7599999904632568	0.7361627221107483
200	490	0.46861740946769714	0.8199999928474426	0.8003027439117432
200	500	0.7985521852970123	0.6800000071525574	0.6570769548416138
200	510	0.7257457077503204	0.7299999594688416	0.6779537796974182
200	520	0.545154482126236	0.7999999523162842	0.7683067321777344
200	530	0.4815126955509186	0.7899999618530273	0.7771683931350708
200	540	0.5879723429679871	0.75	0.751919686794281
200	550	0.4777762144804001	0.8299999833106995	0.8077239990234375
200	560	0.4863402396440506	0.8199999928474426	0.8120367527008057
200	570	0.7923438251018524	0.7699999809265137	0.7423437237739563
200	580	0.5216392874717712	0.8499999642372131	0.81538325548172
200	590	0.4487907439470291	0.8299999833106995	0.8082166910171509
200	600	0.4326842129230499	0.8299999833106995	0.808866560459137
200	610	0.4090539366006851	0.8100000023841858	0.7929942011833191
200	620	0.5352174341678619	0.7799999713897705	0.7732882499694824
200	630	0.6048556864261627	0.8700000047683716	0.844125509262085
200	640	0.5495587289333344	0.8299999833106995	0.7974012494087219
200	650	0.4427776336669922	0.8100000023841858	0.8063262701034546
200	660	0.4135052561759949	0.85999995470047	0.8395573496818542
200	670	0.397405207157135	0.8399999737739563	0.8297305107116699
200	680	0.38900026679039	0.8299999833106995	0.8198655247688293
200	690	0.3857671916484833	0.8299999833106995	0.8268030881881714
200	700	0.4382404685020447	0.8499999642372131	0.8443533778190613
200	710	0.6613749563694	0.6800000071525574	0.6750842928886414
200	720	0.5381102859973907	0.7599999904632568	0.7689956426620483
200	730	0.46456412971019745	0.8700000047683716	0.82843017578125
200	740	0.4112108200788498	0.8199999928474426	0.8015406727790833
200	750	0.3891170918941498	0.8799999952316284	0.857950747013092
200	760	0.3790322542190552	0.8499999642372131	0.8309078812599182
200	770	0.3788321316242218	0.85999995470047	0.8415544033050537
200	780	0.40929317474365234	0.8700000047683716	0.8726399540901184
200	790	0.4219256192445755	0.8299999833106995	0.8104426860809326
200	800	0.43283651769161224	0.8399999737739563	0.8373310565948486
200	810	0.393427774310112	0.8499999642372131	0.843432605266571
200	820	0.37328074872493744	0.8199999928474426	0.827767014503479
200	830	0.36428050696849823	0.8299999833106995	0.838529109954834
200	840	0.36109618842601776	0.8399999737739563	0.8386483788490295
200	850	0.3587111234664917	0.85999995470047	0.8480204343795776
200	860	0.356186181306839	0.8399999737739563	0.8321256637573242
200	870	0.3541637361049652	0.8399999737739563	0.8299345374107361
200	880	0.3524675965309143	0.8399999737739563	0.8306068181991577
200	890	1.6086565852165222	0.5	0.4958646595478058
200	900	1.1326003670692444	0.5099999904632568	0.4517165422439575
200	910	1.0059487223625183	0.5899999737739563	0.46935003995895386
200	920	0.9214918911457062	0.6599999666213989	0.5205634832382202
200	930	0.8649757504463196	0.6899999976158142	0.6165825128555298
200	940	0.7987532317638397	0.6699999570846558	0.5989236831665039
200	950	0.7704786956310272	0.7400000095367432	0.6426764726638794
200	960	0.956618070602417	0.6100000143051147	0.5236367583274841
200	970	0.8113885521888733	0.6499999761581421	0.6041913628578186
200	980	0.7703728675842285	0.7099999785423279	0.6669108271598816
200	990	0.6903889179229736	0.6800000071525574	0.6596304178237915
200	1000	0.6267961263656616	0.7400000095367432	0.7045629620552063
300	0	2.1673242251078286	0.3100000023841858	0.1097790002822876
300	10	1.6015490293502808	0.1899999976158142	0.21601058542728424
300	20	1.5036866664886475	0.3499999940395355	0.253047376871109
300	30	1.439681887626648	0.3199999928474426	0.2718293368816376
300	40	1.3925069570541382	0.4099999964237213	0.2749660611152649
300	50	1.2964930931727092	0.32999998331069946	0.30156320333480835
300	60	1.2539003292719524	0.3700000047683716	0.31761378049850464
300	70	1.2324828306833904	0.38999998569488525	0.31965723633766174
300	80	1.2466299931208293	0.3700000047683716	0.32229775190353394
300	90	1.3171215057373047	0.35999998450279236	0.3172026574611664
300	100	1.1668789386749268	0.3400000035762787	0.3196204602718353
300	110	1.1378541390101116	0.41999998688697815	0.36241549253463745
300	120	1.1179858048756917	0.47999998927116394	0.3967488408088684
300	130	1.0554126898447673	0.4599999785423279	0.3941307067871094
300	140	1.0095161000887554	0.5199999809265137	0.4358576536178589
300	150	0.9675554633140564	0.5600000023841858	0.4678533375263214
300	160	0.9664650360743204	0.6100000143051147	0.4859050512313843
300	170	0.9152395923932394	0.5699999928474426	0.5305160284042358
300	180	0.9441974957784017	0.6299999952316284	0.54008948802948
300	190	0.840200662612915	0.6399999856948853	0.6053643822669983
300	200	0.8180498878161112	0.7099999785423279	0.6152511239051819
300	210	0.7467806935310364	0.7299999594688416	0.6368147134780884
300	220	0.7168418169021606	0.7099999785423279	0.6630939841270447
300	230	0.6622016032536825	0.7699999809265137	0.7101974487304688
300	240	0.6540210644404093	0.7699999809265137	0.7203999757766724
300	250	0.6270306507746378	0.8399999737739563	0.7557119727134705
300	260	0.6307965715726217	0.8299999833106995	0.7631754875183105
300	270	0.591532568136851	0.8100000023841858	0.7721807956695557
300	280	0.6842353542645773	0.7199999690055847	0.680084764957428
300	290	0.5400581955909729	0.8499999642372131	0.7930331230163574
300	300	0.5144932270050049	0.85999995470047	0.8391261696815491
300	310	0.46188124020894367	0.8700000047683716	0.8551905751228333
300	320	0.5033770700295767	0.8499999642372131	0.8338280320167542
300	330	0.6654065052668253	0.7400000095367432	0.6942265033721924
300	340	0.5177687505880991	0.8799999952316284	0.8335132598876953
300	350	0.4635941684246063	0.8299999833106995	0.8300063610076904
300	360	0.47967366377512616	0.8499999642372131	0.8309922814369202
300	370	0.47855400045712787	0.8399999737739563	0.8341901898384094
300	380	0.5143010318279266	0.8399999737739563	0.83196622133255
300	390	0.4772439698378245	0.8700000047683716	0.8342202305793762
300	400	0.43777673443158466	0.8499999642372131	0.8388715386390686
300	410	0.415560116370519	0.8700000047683716	0.8583390116691589
300	420	0.4080028434594472	0.8999999761581421	0.8737981915473938
300	430	0.5159444411595663	0.8899999856948853	0.8692347407341003
300	440	0.4561487336953481	0.8799999952316284	0.8570734858512878
300	450	0.4054401119550069	0.8700000047683716	0.8621160984039307
300	460	0.39745721220970154	0.8899999856948853	0.8783855438232422
300	470	0.3904605011145274	0.8799999952316284	0.8711610436439514
300	480	0.38426653544108075	0.8999999761581421	0.888972282409668
300	490	0.38073108593622845	0.8899999856948853	0.8781839609146118
300	500	1.1609841187795003	0.5699999928474426	0.5189602375030518
300	510	0.7614630063374838	0.6399999856948853	0.5915170907974243
300	520	0.741816500822703	0.6899999976158142	0.6492313742637634
300	530	0.5547339916229248	0.7799999713897705	0.75480055809021
300	540	0.5674593846003214	0.8199999928474426	0.7786955237388611
300	550	0.4558267692724864	0.8899999856948853	0.8731341361999512
300	560	0.4560583134492238	0.8999999761581421	0.8787376284599304
300	570	0.4851150115331014	0.8399999737739563	0.8177182078361511
300	580	0.40727704763412476	0.8700000047683716	0.8732180595397949
300	590	0.3893322745958964	0.9099999666213989	0.8985920548439026
300	600	0.3809554874897003	0.9099999666213989	0.9004046320915222
300	610	0.37557194630304974	0.85999995470047	0.8598806858062744
300	620	0.3704225718975067	0.8999999761581421	0.8935049176216125
300	630	0.3679104248682658	0.8999999761581421	0.8946312665939331
300	640	0.3638104299704234	0.8899999856948853	0.8865702152252197
300	650	0.6528171499570211	0.85999995470047	0.8351089358329773
300	660	0.5878543853759766	0.8299999833106995	0.7899007797241211
300	670	0.40521039565404254	0.9300000071525574	0.9192341566085815
300	680	0.38071151574452716	0.85999995470047	0.8642895221710205
300	690	0.36670057972272235	0.8999999761581421	0.8988861441612244
300	700	0.35999007026354474	0.9099999666213989	0.9015304446220398
300	710	0.3576364616552989	0.8999999761581421	0.897217333316803
300	720	0.354531208674113	0.8799999952316284	0.8795352578163147
300	730	0.3516722818215688	0.8799999952316284	0.8843978643417358
300	740	0.35006773471832275	0.8899999856948853	0.88958740234375
300	750	0.34750866889953613	0.8899999856948853	0.8805639743804932
300	760	0.35406344135602313	0.8399999737739563	0.837997555732727
300	770	0.34636417031288147	0.8700000047683716	0.8705583810806274
300	780	0.3452073633670807	0.8700000047683716	0.8673809766769409
300	790	0.3413711090882619	0.8499999642372131	0.853465735912323
300	800	0.34136784076690674	0.8499999642372131	0.8506963849067688
300	810	0.3418438732624054	0.8299999833106995	0.8353441953659058
300	820	0.33884257078170776	0.85999995470047	0.859883725643158
300	830	0.3390744129816691	0.8399999737739563	0.8479181528091431
300	840	0.9323398272196451	0.6499999761581421	0.5374351143836975
300	850	0.8641545573870341	0.8299999833106995	0.7352828979492188
300	860	0.6081159710884094	0.7699999809265137	0.7376629710197449
300	870	0.5919907093048096	0.8399999737739563	0.8310037851333618
300	880	0.5096680124600729	0.8399999737739563	0.7998522520065308
300	890	0.4941674470901489	0.85999995470047	0.8428385257720947
300	900	0.5349837640921274	0.8999999761581421	0.8971284031867981
300	910	0.44012463092803955	0.9199999570846558	0.9056797623634338
300	920	0.4305067261060079	0.8899999856948853	0.8574858903884888
300	930	0.39146915078163147	0.9300000071525574	0.9135884046554565
300	940	0.4602916439374288	0.8899999856948853	0.8920924067497253
300	950	0.3867195049921672	0.8999999761581421	0.9008125066757202
300	960	0.3629940350850423	0.8899999856948853	0.8916038274765015
300	970	0.35541069507598877	0.8899999856948853	0.8914632797241211
300	980	0.3510315219561259	0.9099999666213989	0.9116770625114441
300	990	0.34730478127797443	0.9099999666213989	0.9086602330207825
300	1000	0.34467101097106934	0.9099999666213989	0.9104683995246887
400	0	2.1452385783195496	0.0	0.11121726036071777
400	10	1.569318026304245	0.25999999046325684	0.23477919399738312
400	20	1.4626518785953522	0.3799999952316284	0.2676354646682739
400	30	1.3552001416683197	0.429999977350235	0.33037006855010986
400	40	1.2799290120601654	0.3799999952316284	0.34052345156669617
400	50	1.2433851063251495	0.3799999952316284	0.35282355546951294
400	60	1.2451752424240112	0.3999999761581421	0.3384307026863098
400	70	1.2072363495826721	0.3999999761581421	0.36267662048339844
400	80	1.1824935674667358	0.5099999904632568	0.3850303590297699
400	90	1.2090900540351868	0.4399999976158142	0.35940563678741455
400	100	1.12126225233078	0.47999998927116394	0.3991664946079254
400	110	1.1210728287696838	0.5299999713897705	0.4276759624481201
400	120	1.046129286289215	0.5	0.4474535286426544
400	130	1.0048799365758896	0.5399999618530273	0.47660350799560547
400	140	0.9883505403995514	0.4899999797344208	0.4624953269958496
400	150	0.9454254060983658	0.5699999928474426	0.4912022650241852
400	160	1.0137585550546646	0.6200000047683716	0.5404354929924011
400	170	0.9103604257106781	0.5999999642372131	0.5333617925643921
400	180	0.8780541568994522	0.5799999833106995	0.5355991125106812
400	190	0.8462279140949249	0.6299999952316284	0.5506733059883118
400	200	0.8364700376987457	0.7099999785423279	0.6023326516151428
400	210	1.0431058406829834	0.6399999856948853	0.5245615243911743
400	220	0.8519537001848221	0.7099999785423279	0.5857599377632141
400	230	0.771330863237381	0.7599999904632568	0.6508535742759705
400	240	0.8056707382202148	0.7400000095367432	0.612210750579834
400	250	0.7171914726495743	0.7599999904632568	0.6803248524665833
400	260	0.6412732601165771	0.8199999928474426	0.7383428812026978
400	270	0.786479264497757	0.699999988079071	0.6052507162094116
400	280	0.7223409116268158	0.7999999523162842	0.7262077331542969
400	290	0.6002254337072372	0.8399999737739563	0.7769238352775574
400	300	0.5783886611461639	0.8399999737739563	0.8006155490875244
400	310	0.5415976792573929	0.85999995470047	0.8237068057060242
400	320	0.5051273256540298	0.8199999928474426	0.8170379400253296
400	330	0.5507165044546127	0.85999995470047	0.8418785929679871
400	340	0.5294831395149231	0.8700000047683716	0.8399534225463867
400	350	0.5059558674693108	0.8299999833106995	0.8171473741531372
400	360	0.5024321600794792	0.8799999952316284	0.855140209197998
400	370	0.4432026743888855	0.8499999642372131	0.8399404883384705
400	380	0.4856865257024765	0.8999999761581421	0.8709850311279297
400	390	0.43581197410821915	0.8700000047683716	0.8608468174934387
400	400	0.5063816085457802	0.8700000047683716	0.835759162902832
400	410	0.5633548051118851	0.85999995470047	0.8479636907577515
400	420	0.6466688811779022	0.8700000047683716	0.8553006052970886
400	430	0.47300639748573303	0.8799999952316284	0.8686611652374268
400	440	0.43744582682847977	0.8899999856948853	0.883179783821106
400	450	0.45058222860097885	0.8899999856948853	0.8739253282546997
400	460	0.4290560483932495	0.9099999666213989	0.9028844833374023
400	470	0.4120013639330864	0.8899999856948853	0.8864834308624268
400	480	0.3929006978869438	0.8999999761581421	0.8910539150238037
400	490	0.38478533178567886	0.8899999856948853	0.8830123543739319
400	500	0.3804607093334198	0.8999999761581421	0.8903619050979614
400	510	0.5794917941093445	0.9199999570846558	0.8997509479522705
400	520	0.5119165778160095	0.8899999856948853	0.8745509386062622
400	530	0.41597460210323334	0.9199999570846558	0.9149664044380188
400	540	0.39206383377313614	0.8899999856948853	0.888677179813385
400	550	0.37817050516605377	0.8899999856948853	0.883894681930542
400	560	0.3738158345222473	0.8899999856948853	0.8897894024848938
400	570	0.4274936392903328	0.9199999570846558	0.9105645418167114
400	580	0.4177234172821045	0.9300000071525574	0.9164623618125916
400	590	0.36648132652044296	0.9300000071525574	0.9243030548095703
400	600	0.628140926361084	0.8899999856948853	0.8881881237030029
400	610	0.38809390366077423	0.8899999856948853	0.8931460380554199
400	620	0.3640337362885475	0.9199999570846558	0.9249560236930847
400	630	0.35718271881341934	0.9099999666213989	0.9145186543464661
400	640	0.3534487932920456	0.9199999570846558	0.9149366617202759
400	650	0.44720470905303955	0.9300000071525574	0.9199129343032837
400	660	0.40990716964006424	0.9399999976158142	0.9203556776046753
400	670	0.4011585861444473	0.9399999976158142	0.9235709309577942
400	680	0.35990478098392487	0.9599999785423279	0.9521158933639526
400	690	0.35080843418836594	0.9199999570846558	0.9220908880233765
400	700	0.3445882126688957	0.9399999976158142	0.9348499178886414
400	710	0.34275173395872116	0.9199999570846558	0.9204781651496887
400	720	0.33881981670856476	0.9300000071525574	0.9273425340652466
400	730	0.33856289088726044	0.9199999570846558	0.9174649119377136
400	740	0.3394036740064621	0.9300000071525574	0.9250761270523071
400	750	0.414312906563282	0.8700000047683716	0.8724396824836731
400	760	0.43886637687683105	0.949999988079071	0.9451341032981873
400	770	0.3562208563089371	0.9699999690055847	0.9610217213630676
400	780	0.3392426371574402	0.9699999690055847	0.9684324264526367
400	790	0.3357427194714546	0.9799999594688416	0.972101092338562
400	800	0.3329990431666374	0.9599999785423279	0.9554188251495361
400	810	0.3303709775209427	0.949999988079071	0.9514376521110535
400	820	0.32995888590812683	0.9599999785423279	0.956817626953125
400	830	0.3276601657271385	0.949999988079071	0.9498156309127808
400	840	0.3271832540631294	0.9399999976158142	0.9366869926452637
400	850	1.154425099492073	0.7099999785423279	0.7029294371604919
400	860	0.8385508060455322	0.699999988079071	0.616080641746521
400	870	0.6226309537887573	0.8100000023841858	0.7625252604484558
400	880	0.5000301524996758	0.8799999952316284	0.8704487681388855
400	890	0.3904294893145561	0.949999988079071	0.9397815465927124
400	900	0.3570127338171005	0.9300000071525574	0.9265416264533997
400	910	0.34596018493175507	0.9399999976158142	0.9337090849876404
400	920	0.34070049971342087	0.9399999976158142	0.9290052652359009
400	930	0.3380983993411064	0.9300000071525574	0.9319781064987183
400	940	0.33496248722076416	0.9099999666213989	0.9125718474388123
400	950	0.33441349118947983	0.9099999666213989	0.9065517783164978
400	960	0.3313733860850334	0.8999999761581421	0.906379222869873
400	970	0.32973429560661316	0.8999999761581421	0.9004920125007629
400	980	0.3299473598599434	0.8899999856948853	0.887610137462616
400	990	0.3552320748567581	0.9099999666213989	0.9055131077766418
400	1000	0.5852529406547546	0.9199999570846558	0.8939947485923767
500	0	2.1691214084625243	0.0	0.10740488767623901
500	10	1.498511791229248	0.3799999952316284	0.2974468469619751
500	20	1.3756416320800782	0.3999999761581421	0.32474204897880554
500	30	1.3079191446304321	0.41999998688697815	0.34379270672798157
500	40	1.2675907135009765	0.3999999761581421	0.342910498380661
500	50	1.244913649559021	0.44999998807907104	0.35509398579597473
500	60	1.2073012113571167	0.3999999761581421	0.34334126114845276
500	70	1.1349695682525636	0.5299999713897705	0.3992953896522522
500	80	1.0466577529907226	0.6200000047683716	0.49303293228149414
500	90	0.957284939289093	0.7199999690055847	0.5664085149765015
500	100	0.8516611695289612	0.7299999594688416	0.6538912653923035
500	110	0.8102747559547424	0.7199999690055847	0.6306023001670837
500	120	0.6793571591377259	0.8100000023841858	0.7494692802429199
500	130	0.6865473628044129	0.7799999713897705	0.7620356678962708
500	140	0.6644443869590759	0.8199999928474426	0.7983859181404114
500	150	0.8510867476463317	0.7400000095367432	0.6353622078895569
500	160	0.7306885480880737	0.7400000095367432	0.66455078125
500	170	0.7169487714767456	0.75	0.6821796894073486
500	180	0.6158190965652466	0.8299999833106995	0.7792626619338989
500	190	0.5731934309005737	0.85999995470047	0.8351721167564392
500	200	0.49427048563957215	0.949999988079071	0.9188405871391296
500	210	0.46380693912506105	0.949999988079071	0.9210366010665894
500	220	0.5171194672584534	0.8899999856948853	0.8752964735031128
500	230	0.5510108470916748	0.9399999976158142	0.9062508940696716
500	240	0.436692613363266	0.949999988079071	0.9340072274208069
500	250	0.40935654640197755	0.9599999785423279	0.9452122449874878
500	260	0.402082496881485	0.9199999570846558	0.9229621887207031
500	270	0.89544118642807	0.8399999737739563	0.7945985198020935
500	280	0.4838723599910736	0.9399999976158142	0.9223412871360779
500	290	0.4103784918785095	0.9599999785423279	0.9413559436798096
500	300	0.40085725784301757	0.9399999976158142	0.934132993221283
500	310	0.38955403566360475	0.9699999690055847	0.9654263257980347
500	320	0.41652777791023254	0.9199999570846558	0.9173924922943115
500	330	0.38941643834114076	0.9599999785423279	0.9574781060218811
500	340	0.3705262362957001	0.9599999785423279	0.9580130577087402
500	350	0.37036571502685545	0.9399999976158142	0.9438802599906921
500	360	0.44033440947532654	0.949999988079071	0.9462724328041077
500	370	0.5703914523124695	0.8700000047683716	0.8601811528205872
500	380	0.38586102724075316	0.9699999690055847	0.9641347527503967
500	390	0.38250572681427003	0.9599999785423279	0.9598456621170044
500	400	0.36118840575218203	0.9599999785423279	0.9581884741783142
500	410	0.356255429983139	0.9699999690055847	0.9702500700950623
500	420	0.35614473223686216	0.9599999785423279	0.9581800103187561
500	430	0.8200678944587707	0.8399999737739563	0.8064711689949036
500	440	0.42978492975234983	0.949999988079071	0.9414675831794739
500	450	0.36944907903671265	0.9599999785423279	0.9613168239593506
500	460	0.35545567274093626	0.9699999690055847	0.9656152725219727
500	470	0.4156902253627777	0.9599999785423279	0.9601029753684998
500	480	0.3678418695926666	0.9699999690055847	0.9642555117607117
500	490	0.34993076920509336	0.9599999785423279	0.9581548571586609
500	500	0.35545884966850283	0.9699999690055847	0.9689456820487976
500	510	0.34338486194610596	0.949999988079071	0.952403724193573
500	520	0.340436851978302	0.9599999785423279	0.9573980569839478
500	530	0.340662282705307	0.949999988079071	0.9496976733207703
500	540	0.3381622970104218	0.9399999976158142	0.9439284205436707
500	550	0.33426207304000854	0.949999988079071	0.9496757388114929
500	560	0.33216630220413207	0.9399999976158142	0.9413722157478333
500	570	0.3354583978652954	0.949999988079071	0.9500691294670105
500	580	0.4372869670391083	0.9300000071525574	0.9324992299079895
500	590	0.6350897550582886	0.8700000047683716	0.8469969034194946
500	600	0.46869600415229795	0.9399999976158142	0.9350783228874207
500	610	0.377921324968338	0.9599999785423279	0.9475401639938354
500	620	0.3454139769077301	0.9699999690055847	0.9683048129081726
500	630	0.3460421025753021	0.9699999690055847	0.9689614772796631
500	640	0.3354405164718628	0.9599999785423279	0.9595678448677063
500	650	0.3356119155883789	0.9699999690055847	0.9652315378189087
500	660	0.33360797762870786	0.9599999785423279	0.958932101726532
500	670	0.331588613986969	0.9599999785423279	0.9583806991577148
500	680	0.3286654233932495	0.9599999785423279	0.9587422013282776
500	690	0.3283202826976776	0.9599999785423279	0.9584245085716248
500	700	0.32555609941482544	0.9599999785423279	0.9582372903823853
500	710	0.32579447627067565	0.9599999785423279	0.9586787223815918
500	720	1.0820523142814635	0.7400000095367432	0.7386090159416199
500	730	0.49433501362800597	0.9099999666213989	0.9046516418457031
500	740	0.39317594170570375	0.9799999594688416	0.9631266593933105
500	750	0.3530746817588806	0.9699999690055847	0.9650382995605469
500	760	0.33965435028076174	0.9699999690055847	0.9658978581428528
500	770	0.3327778697013855	0.9699999690055847	0.9650060534477234
500	780	0.33263466954231263	0.9699999690055847	0.9645451307296753
500	790	0.5206750631332397	0.9300000071525574	0.9253584146499634
500	800	0.3842372953891754	0.949999988079071	0.9457429051399231
500	810	0.35727018117904663	0.9599999785423279	0.9601467847824097
500	820	0.339276921749115	0.9699999690055847	0.9691113829612732
500	830	0.3282769203186035	0.9599999785423279	0.9591392874717712
500	840	0.32649785876274107	0.9599999785423279	0.958705723285675
500	850	0.324472451210022	0.9599999785423279	0.9594660997390747
500	860	0.32370953559875487	0.9599999785423279	0.959111213684082
500	870	0.3224026560783386	0.9599999785423279	0.959293782711029
500	880	0.3214460611343384	0.9599999785423279	0.9593760967254639
500	890	0.3210864305496216	0.9599999785423279	0.9596521258354187
500	900	0.5788976550102234	0.9199999570846558	0.9238961338996887
500	910	0.357474559545517	0.9799999594688416	0.9736358523368835
500	920	0.32962083220481875	0.9599999785423279	0.960148274898529
500	930	0.32571845054626464	0.9699999690055847	0.9692882895469666
500	940	0.324990713596344	0.9699999690055847	0.9697508215904236
500	950	0.3219655752182007	0.9699999690055847	0.9699166417121887
500	960	0.32116361856460574	0.9699999690055847	0.9657617807388306
500	970	0.32050812244415283	0.9799999594688416	0.9765299558639526
500	980	0.3752657175064087	0.949999988079071	0.9432433843612671
500	990	0.3263317823410034	0.9799999594688416	0.9784644842147827
500	1000	0.3232307493686676	0.9799999594688416	0.9786856770515442
